TYPE_MOUVEMENT;CODE_ARTICLE;MAIN_EAN;CODE_PRODUCT;SHORT_LABEL;LONG_LABEL;CODE_SEASON;CODE_SUPPLIER;CODE_FAMILY;CODE_NGP;CODE_COLOR;CODE_SIZE;PRIMARY_TYPE_TAG;SECONDARY_TYPE_TAG;SELLING_PRICE;BUYING_PRICE;URL_PICTURE;TRACEABILITY_MODE;SUPPLIER_REF;END_PRODUCT;QUANTITY;UNIT;FIDELITY_PRICE;USERFIELD_1;USERFIELD_2;USERFIELD_3;USERFIELD_4;USERFIELD_5;CODE_BRAND;PRICE_COMPARISON_UNIT;PRICE_COMPARISON_DIVIDER;RANK
M;030713561051;9009652953802;030713561051;5295380:WATCH CRYSTALLINE HOURS Q LS RED SIAM PRO;5295380:WATCH CRYSTALLINE HOURS Q LS RED SIAM PRO;;307;6668;;;;;;120.00;53.43;;;;;;;;;;;;;;;;
M;030713561065;9009652953697;030713561065;5295369:WATCH ERA JOURNEY LS WHT WHT PRO;5295369:WATCH ERA JOURNEY LS WHT WHT PRO;;307;6668;;;;;;128.00;51.87;;;;;;;;;;;;;;;;
M;030713561067;9009652953666;030713561067;5295366:WATCH ERA JOURNEY MB PRO GRAY PRO;5295366:WATCH ERA JOURNEY MB PRO GRAY PRO;;307;6668;;;;;;157.00;63.76;;;;;;;;;;;;;;;;
M;030713561068;9009652953635;030713561068;5295363:WATCH ERA JOURNEY MB STS MOP STS;5295363:WATCH ERA JOURNEY MB STS MOP STS;;307;6668;;;;;;139.00;56.33;;;;;;;;;;;;;;;;
M;030713561075;9009652953581;030713561075;5295358:WATCH OCTEA NOVA LS BLK BLK PRO;5295358:WATCH OCTEA NOVA LS BLK BLK PRO;;307;6668;;;;;;126.00;51.18;;;;;;;;;;;;;;;;
M;030713959122;9009653768399;030713959122;5376839:WATCHES STELLA LS BUR BUR PRO;5376839:WATCHES STELLA LS BUR BUR PRO;;307;6668;;;;;;107.00;43.37;;;;;;;;;;;;;;;;
M;030713959123;9009653768306;030713959123;5376830:WATCHES STELLA LS GRY WHT PRO;5376830:WATCHES STELLA LS GRY WHT PRO;;307;6668;;;;;;102.00;41.13;;;;;;;;;;;;;;;;
M;030713959126;9009653768061;030713959126;5376806:WATCHES STELLA MC PRO GRAY PRO;5376806:WATCHES STELLA MC PRO GRAY PRO;;307;6668;;;;;;128.00;57.05;;;;;;;;;;;;;;;;
M;030713959127;9009653768153;030713959127;5376815:WATCHES STELLA MC STS WHT STS;5376815:WATCHES STELLA MC STS WHT STS;;307;6668;;;;;;109.00;44.68;;;;;;;;;;;;;;;;
M;030713959130;9009653760713;030713959130;5376071:WATCHES COSMIC ROCK BANGLE MB JET BLK PBK;5376071:WATCHES COSMIC ROCK BANGLE MB JET BLK PBK;;307;6668;;;;;;115.00;45.65;;;;;;;;;;;;;;;;
M;030713959134;9009653775762;030713959134;5377576:WATCHES ETERNAL MB PRO WHT PRO;5377576:WATCHES ETERNAL MB PRO WHT PRO;;307;6668;;;;;;148.00;51.95;;;;;;;;;;;;;;;;
M;030713959135;9009653775458;030713959135;5377545:WATCHES ETERNAL MB STS WHT STS;5377545:WATCHES ETERNAL MB STS WHT STS;;307;6668;;;;;;129.00;43.84;;;;;;;;;;;;;;;;
M;030713959137;9009653760867;030713959137;5376086:WATCHES CRYSTALLINE PURE LS ROSE WHT PRO;5376086:WATCHES CRYSTALLINE PURE LS ROSE WHT PRO;;307;6668;;;;;;110.00;47.10;;;;;;;;;;;;;;;;
M;030713959139;9009653760775;030713959139;5376077:WATCHES CRYSTALLINE PURE MB PCG GRY PCG;5376077:WATCHES CRYSTALLINE PURE MB PCG GRY PCG;;307;6668;;;;;;128.00;54.52;;;;;;;;;;;;;;;;
M;030714152426;9009654160093;030714152426;5416009:WATCH CRYSTAL LAKE LS BLK DGRAY PRO;5416009:WATCH CRYSTAL LAKE LS BLK DGRAY PRO;;307;3958;;;;;;110.00;44.44;;;;;;;;;;;;;;;;
M;030714152427;9009654160062;030714152427;5416006:WATCH CRYSTAL LAKE LS BLU BLU STS;5416006:WATCH CRYSTAL LAKE LS BLU BLU STS;;307;3958;;;;;;102.00;43.28;;;;;;;;;;;;;;;;
M;030714152430;9009654160260;030714152430;5416026:WATCH CRYSTAL LAKE MB PCG DGRAY PCG;5416026:WATCH CRYSTAL LAKE MB PCG DGRAY PCG;;307;3958;;;;;;139.00;57.95;;;;;;;;;;;;;;;;
M;030714152433;9009654160178;030714152433;5416017:WATCH CRYSTAL LAKE MB STS WHT STS;5416017:WATCH CRYSTAL LAKE MB STS WHT STS;;307;3958;;;;;;120.00;49.39;;;;;;;;;;;;;;;;
M;030714152435;9009654144130;030714152435;5414413:WATCH OCTEA LUX LS BLU BLU PRO;5414413:WATCH OCTEA LUX LS BLU BLU PRO;;307;3958;;;;;;128.00;54.02;;;;;;;;;;;;;;;;
M;030714152437;9009654144192;030714152437;5414419:WATCH OCTEA LUX MB PRO BLK PRO;5414419:WATCH OCTEA LUX MB PRO BLK PRO;;307;3958;;;;;;157.00;66.46;;;;;;;;;;;;;;;;
M;030714152438;9009654144291;030714152438;5414429:WATCH OCTEA LUX MB STS WHT STS PRO;5414429:WATCH OCTEA LUX MB STS WHT STS PRO;;307;3958;;;;;;153.00;63.41;;;;;;;;;;;;;;;;
M;030714152440;9009654304244;030714152440;5430424:WATCH OCTEA NOVA MB PRO BLK PRO;5430424:WATCH OCTEA NOVA MB PRO BLK PRO;;307;3958;;;;;;153.00;61.94;;;;;;;;;;;;;;;;
M;030714152443;9009654167016;030714152443;5416701:WATCH ERA JOURNEY LS RUBY RUBY PRO;5416701:WATCH ERA JOURNEY LS RUBY RUBY PRO;;307;3958;;;;;;129.00;52.82;;;;;;;;;;;;;;;;
M;030714455464;9009654524529;030714455464;5452452:WATCH CRYSTALLINE GLAM LS BLK BLK PRO;5452452:WATCH CRYSTALLINE GLAM LS BLK BLK PRO;;307;6668;;;;;;115.00;45.20;;;;;;;;;;;;;;;;
M;030714455465;9009654524550;030714455465;5452455:WATCH CRYSTALLINE GLAM LS TAUPE GRAY PRO;5452455:WATCH CRYSTALLINE GLAM LS TAUPE GRAY PRO;;307;6668;;;;;;115.00;47.62;;;;;;;;;;;;;;;;
M;030714455466;9009654524598;030714455466;5452459:WATCH CRYSTALLINE GLAM LS WHT WHT PRO;5452459:WATCH CRYSTALLINE GLAM LS WHT WHT PRO;;307;6668;;;;;;115.00;44.82;;;;;;;;;;;;;;;;
M;030714455467;9009654524628;030714455467;5452462:WATCH CRYSTALLINE GLAM MB PCG GRAY PCG;5452462:WATCH CRYSTALLINE GLAM MB PCG GRAY PCG;;307;6668;;;;;;146.00;59.78;;;;;;;;;;;;;;;;
M;030714455468;9009654524659;030714455468;5452465:WATCH CRYSTALLINE GLAM MB PRO WHT PRO;5452465:WATCH CRYSTALLINE GLAM MB PRO WHT PRO;;307;6668;;;;;;141.00;59.44;;;;;;;;;;;;;;;;
M;030714455469;9009654524680;030714455469;5452468:WATCH CRYSTALLINE GLAM MB STS GRAY STS;5452468:WATCH CRYSTALLINE GLAM MB STS GRAY STS;;307;6668;;;;;;126.00;51.81;;;;;;;;;;;;;;;;
M;030714455470;9009654551082;030714455470;5455108:WATCH CRYSTALLINE GLAM MB STS WHT STS;5455108:WATCH CRYSTALLINE GLAM MB STS WHT STS;;307;6668;;;;;;123.00;48.67;;;;;;;;;;;;;;;;
M;030714455474;9009654524864;030714455474;5452486:WATCH LOVELY CRYSTALS BANGLE BIC WHT PRO M;5452486:WATCH LOVELY CRYSTALS BANGLE BIC WHT PRO M;;307;6668;;;;;;120.00;49.39;;;;;;;;;;;;;;;;
M;030714455475;9009654524895;030714455475;5452489:WATCH LOVELY CRYSTALS BANGLE PRO WHT PRO M;5452489:WATCH LOVELY CRYSTALS BANGLE PRO WHT PRO M;;307;6668;;;;;;128.00;52.00;;;;;;;;;;;;;;;;
M;030714455476;9009654524925;030714455476;5452492:WATCH LOVELY CRYSTALS BANGLE STS WHT STS M;5452492:WATCH LOVELY CRYSTALS BANGLE STS WHT STS M;;307;6668;;;;;;110.00;44.48;;;;;;;;;;;;;;;;
M;030714455477;9009654524956;030714455477;5452495:WATCH OCTEA LUX CHRONO LS GRAY GRAY PRO;5452495:WATCH OCTEA LUX CHRONO LS GRAY GRAY PRO;;307;6668;;;;;;150.00;56.32;;;;;;;;;;;;;;;;
M;030714455478;9009654524987;030714455478;5452498:WATCH OCTEA LUX CHRONO LS GREEN GREEN PRO;5452498:WATCH OCTEA LUX CHRONO LS GREEN GREEN PRO;;307;6668;;;;;;150.00;59.66;;;;;;;;;;;;;;;;
M;030714455480;9009654525045;030714455480;5452504:WATCH OCTEA LUX CHRONO MB STS BLK STS;5452504:WATCH OCTEA LUX CHRONO MB STS BLK STS;;307;6668;;;;;;153.00;58.73;;;;;;;;;;;;;;;;
M;030714455484;9009654805079;030714455484;5480507:WATCH CRYSTALLINE OVAL MB PRO DGRY PRO;5480507:WATCH CRYSTALLINE OVAL MB PRO DGRY PRO;;307;6668;;;;;;139.00;57.13;;;;;;;;;;;;;;;;
M;030714455485;9009654792393;030714455485;5479239:WATCH ERA JOURNEY LS BLU BLU STS;5479239:WATCH ERA JOURNEY LS BLU BLU STS;;307;6668;;;;;;120.00;47.64;;;;;;;;;;;;;;;;
M;030714658459;9009654840452;030714658459;5484045:WATCH CRYSTAL ROSE MB PCG GRAY PCG;5484045:WATCH CRYSTAL ROSE MB PCG GRAY PCG;;307;6668;;;;;;129.00;51.62;;;;;;;;;;;;;;;;
M;030714658460;9009654840735;030714658460;5484073:WATCH CRYSTAL ROSE MB PRO WHT PRO;5484073:WATCH CRYSTAL ROSE MB PRO WHT PRO;;307;6668;;;;;;132.00;55.29;;;;;;;;;;;;;;;;
M;030714658462;9009654838534;030714658462;5483853:WATCH CRYSTAL ROSE MB STS WHT STS;5483853:WATCH CRYSTAL ROSE MB STS WHT STS;;307;6668;;;;;;113.00;42.97;;;;;;;;;;;;;;;;
M;030714658464;9009654840612;030714658464;5484061:WATCH CRYSTAL FROST LS BLU BLU PRO;5484061:WATCH CRYSTAL FROST LS BLU BLU PRO;;307;6668;;;;;;102.00;41.27;;;;;;;;;;;;;;;;
M;030714658465;9009654840643;030714658465;5484064:WATCH CRYSTAL FROST LS BUR BUR PRO;5484064:WATCH CRYSTAL FROST LS BUR BUR PRO;;307;6668;;;;;;102.00;41.35;;;;;;;;;;;;;;;;
M;030714658466;9009654840674;030714658466;5484067:WATCH CRYSTAL FROST LS GRAY GRAY PRO;5484067:WATCH CRYSTAL FROST LS GRAY GRAY PRO;;307;6668;;;;;;102.00;41.27;;;;;;;;;;;;;;;;
M;030714658467;9009654840704;030714658467;5484070:WATCH CRYSTAL FROST LS WHT WHT STS;5484070:WATCH CRYSTAL FROST LS WHT WHT STS;;307;6668;;;;;;91.00;36.83;;;;;;;;;;;;;;;;
M;030714658468;9009654840582;030714658468;5484058:WATCH CRYSTAL FROST LS BLK BLK PRO;5484058:WATCH CRYSTAL FROST LS BLK BLK PRO;;307;6668;;;;;;102.00;41.27;;;;;;;;;;;;;;;;
M;030714658470;9009654843798;030714658470;5484379:WATCH DUO LS BUR BUR PRO;5484379:WATCH DUO LS BUR BUR PRO;;307;6668;;;;;;115.00;43.76;;;;;;;;;;;;;;;;
M;030714658471;9009654843828;030714658471;5484382:WATCH DUO LS GRAY GRAY PCG;5484382:WATCH DUO LS GRAY GRAY PCG;;307;6668;;;;;;115.00;48.74;;;;;;;;;;;;;;;;
M;030714658473;9009654843736;030714658473;5484373:WATCH DUO LS BLK BLK PRO;5484373:WATCH DUO LS BLK BLK PRO;;307;6668;;;;;;109.00;43.88;;;;;;;;;;;;;;;;
M;030714658476;9009654704150;030714658476;5470415:WATCH STELLA MC PRO WHT PRO;5470415:WATCH STELLA MC PRO WHT PRO;;307;6668;;;;;;134.00;51.07;;;;;;;;;;;;;;;;
M;030714882120;9009655193212;030714882120;5519321:WATCH COCKTAIL MC PCG/WHT/PCG;5519321:WATCH COCKTAIL MC PCG/WHT/PCG;;307;6668;;;;;;134.00;54.49;;;;;;;;;;;;;;;;
M;030714882121;9009655193243;030714882121;5519324:WATCH COCKTAIL MC PRO/BLK/PRO;5519324:WATCH COCKTAIL MC PRO/BLK/PRO;;307;6668;;;;;;134.00;54.21;;;;;;;;;;;;;;;;
M;030714882122;9009655193274;030714882122;5519327:WATCH COCKTAIL MC PRO/WHT/PRO;5519327:WATCH COCKTAIL MC PRO/WHT/PRO;;307;6668;;;;;;134.00;54.75;;;;;;;;;;;;;;;;
M;030714882123;9009655193304;030714882123;5519330:WATCH COCKTAIL MC STS/WHT/STS;5519330:WATCH COCKTAIL MC STS/WHT/STS;;307;6668;;;;;;124.00;45.88;;;;;;;;;;;;;;;;
M;030714882124;9009655177946;030714882124;5517794:WATCH COSMOPOLITAN MB PCG/SIL/PCG;5517794:WATCH COSMOPOLITAN MB PCG/SIL/PCG;;307;6668;;;;;;88.00;37.90;;;;;;;;;;;;;;;;
M;030714882125;9009655177977;030714882125;5517797:WATCH COSMOPOLITAN MB PRO/BLK/PRO;5517797:WATCH COSMOPOLITAN MB PRO/BLK/PRO;;307;6668;;;;;;96.00;37.07;;;;;;;;;;;;;;;;
M;030714882126;9009655178004;030714882126;5517800:WATCH COSMOPOLITAN MB PRO/PEACH/PRO;5517800:WATCH COSMOPOLITAN MB PRO/PEACH/PRO;;307;6668;;;;;;109.00;39.97;;;;;;;;;;;;;;;;
M;030714882127;9009655178035;030714882127;5517803:WATCH COSMOPOLITAN MB PRO/SIL/PRO;5517803:WATCH COSMOPOLITAN MB PRO/SIL/PRO;;307;6668;;;;;;105.00;38.47;;;;;;;;;;;;;;;;
M;030714882128;9009655177908;030714882128;5517790:WATCH COSMOPOLITAN MB STS/BLU/STS;5517790:WATCH COSMOPOLITAN MB STS/BLU/STS;;307;6668;;;;;;90.00;31.49;;;;;;;;;;;;;;;;
M;030714882129;9009655178073;030714882129;5517807:WATCH COSMOPOLITAN MB STS/SIL/STS;5517807:WATCH COSMOPOLITAN MB STS/SIL/STS;;307;6668;;;;;;90.00;36.36;;;;;;;;;;;;;;;;
M;030714882131;9009655194479;030714882131;5519447:WATCH CRYSTALLINE AURA LS BLU/BLU/PRO;5519447:WATCH CRYSTALLINE AURA LS BLU/BLU/PRO;;307;6668;;;;;;106.00;46.51;;;;;;;;;;;;;;;;
M;030714882132;9009655194509;030714882132;5519450:WATCH CRYSTALLINE AURA LS GRAY/WHT/PRO;5519450:WATCH CRYSTALLINE AURA LS GRAY/WHT/PRO;;307;6668;;;;;;137.00;46.31;;;;;;;;;;;;;;;;
M;030714882134;9009655194561;030714882134;5519456:WATCH CRYSTALLINE AURA MB PCG/WHT/PCG;5519456:WATCH CRYSTALLINE AURA MB PCG/WHT/PCG;;307;6668;;;;;;168.00;51.96;;;;;;;;;;;;;;;;
M;030714882135;9009655194592;030714882135;5519459:WATCH CRYSTALLINE AURA MB PRO/WHT/PRO;5519459:WATCH CRYSTALLINE AURA MB PRO/WHT/PRO;;307;6668;;;;;;168.00;61.84;;;;;;;;;;;;;;;;
M;030714882136;9009655194622;030714882136;5519462:WATCH CRYSTALLINE AURA MB STS/WHT/STS;5519462:WATCH CRYSTALLINE AURA MB STS/WHT/STS;;307;6668;;;;;;137.00;45.17;;;;;;;;;;;;;;;;
M;030714882140;9009655193090;030714882140;5519309:WATCH DREAM ROCK CFR CAL/WHT/STS;5519309:WATCH DREAM ROCK CFR CAL/WHT/STS;;307;6668;;;;;;94.00;34.98;;;;;;;;;;;;;;;;
M;030715093758;9009655476179;030715093758;5547617:WATCH COCKTAIL MC STS/WHT/STS FP;5547617:WATCH COCKTAIL MC STS/WHT/STS FP;;307;6668;;;;;;144.00;53.92;;;;;;;;;;;;;;;;
M;030715093759;9009655476469;030715093759;5547646:WATCH COSMOPOLITAN MB BLK/BLK/PBK;5547646:WATCH COSMOPOLITAN MB BLK/BLK/PBK;;307;6668;;;;;;98.00;31.01;;;;;;;;;;;;;;;;
M;030715093760;9009655524214;030715093760;5552421:WATCH CRYSTAL FLOWER LS BLK/BLK/PRO;5552421:WATCH CRYSTAL FLOWER LS BLK/BLK/PRO;;307;6668;;;;;;107.00;43.86;;;;;;;;;;;;;;;;
M;030715093761;9009655524245;030715093761;5552424:WATCH CRYSTAL FLOWER LS GRY/GRY/PRO;5552424:WATCH CRYSTAL FLOWER LS GRY/GRY/PRO;;307;6668;;;;;;107.00;44.03;;;;;;;;;;;;;;;;
M;030715093764;9009655476261;030715093764;5547626:WATCH CRYSTAL FLOWER MC PRO/WHT/PRO;5547626:WATCH CRYSTAL FLOWER MC PRO/WHT/PRO;;307;6668;;;;;;123.00;54.82;;;;;;;;;;;;;;;;
M;030715093765;9009655476223;030715093765;5547622:WATCH CRYSTAL FLOWER MC STS/WHT/STS;5547622:WATCH CRYSTAL FLOWER MC STS/WHT/STS;;307;6668;;;;;;115.00;48.83;;;;;;;;;;;;;;;;
M;030715093766;9009655476117;030715093766;5547611:WATCH CRYSTALLINE CHIC MB PCG/GRAY/PCG;5547611:WATCH CRYSTALLINE CHIC MB PCG/GRAY/PCG;;307;6668;;;;;;134.00;55.03;;;;;;;;;;;;;;;;
M;030715093767;9009655445878;030715093767;5544587:WATCH CRYSTALLINE CHIC MB PRO/BLACK/PRO;5544587:WATCH CRYSTALLINE CHIC MB PRO/BLACK/PRO;;307;6668;;;;;;134.00;54.52;;;;;;;;;;;;;;;;
M;030715093768;9009655476087;030715093768;5547608:WATCH CRYSTALLINE CHIC MB PRO/RED/PRO;5547608:WATCH CRYSTALLINE CHIC MB PRO/RED/PRO;;307;6668;;;;;;134.00;54.79;;;;;;;;;;;;;;;;
M;030715093769;9009655445908;030715093769;5544590:WATCH CRYSTALLINE CHIC MB PRO/WHT/PRO;5544590:WATCH CRYSTALLINE CHIC MB PRO/WHT/PRO;;307;6668;;;;;;134.00;52.71;;;;;;;;;;;;;;;;
M;030716724707;9009656729687;030716724707;5672968:SJC CERTA-LS ROSPRO;5672968:SJC CERTA-LS ROSPRO;;307;6668;;;;;;109.00;40.42;;;;;;;;;;;;;;;;
M;030716724708;9009656729816;030716724708;5672981:SJC CERTA-MB ROGPRO;5672981:SJC CERTA-MB ROGPRO;;307;6668;;;;;;137.00;52.05;;;;;;;;;;;;;;;;
M;030716724709;9009656729717;030716724709;5672971:SJC CERTA-MB SILPRO;5672971:SJC CERTA-MB SILPRO;;307;6668;;;;;;145.00;49.48;;;;;;;;;;;;;;;;
M;030716724710;9009656730225;030716724710;5673022:SJC CERTA-MB SILSTS;5673022:SJC CERTA-MB SILSTS;;307;6668;;;;;;133.00;47.43;;;;;;;;;;;;;;;;
M;030716724712;9009656568965;030716724712;5656896:SJC CRYSTALLINE LUSTRE-LS VIOLPINKPRO;5656896:SJC CRYSTALLINE LUSTRE-LS VIOLPINKPRO;;307;6668;;;;;;176.00;58.03;;;;;;;;;;;;;;;;
M;030716724713;9009656688878;030716724713;5668887:SJC CRYSTALLINE LUSTRE-LS WHITECRYSTS;5668887:SJC CRYSTALLINE LUSTRE-LS WHITECRYSTS;;307;6668;;;;;;168.00;55.45;;;;;;;;;;;;;;;;
M;030716724714;9009656729878;030716724714;5672987:SJC DEXTERA BANGLE-MB GOSPCG;5672987:SJC DEXTERA BANGLE-MB GOSPCG;;307;6668;;;;;;160.00;53.88;;;;;;;;;;;;;;;;
M;030716724715;9009656729922;030716724715;5672992:SJC DEXTERA BANGLE-MB ROGPRO;5672992:SJC DEXTERA BANGLE-MB ROGPRO;;307;6668;;;;;;160.00;53.76;;;;;;;;;;;;;;;;
M;030716724716;9009656729779;030716724716;5672977:SJC DEXTERA BANGLE-MB SILSTS;5672977:SJC DEXTERA BANGLE-MB SILSTS;;307;6668;;;;;;137.00;53.62;;;;;;;;;;;;;;;;
M;030716724717;9009656712023;030716724717;5671202:SJC ILLUMINA-MB ROGPRO;5671202:SJC ILLUMINA-MB ROGPRO;;307;6668;;;;;;154.00;52.41;;;;;;;;;;;;;;;;
M;030716724718;9009656711965;030716724718;5671196:SJC ILLUMINA-MB SILPCG;5671196:SJC ILLUMINA-MB SILPCG;;307;6668;;;;;;131.00;50.85;;;;;;;;;;;;;;;;
M;030716724719;9009656712054;030716724719;5671205:SJC ILLUMINA-MB SILSTS;5671205:SJC ILLUMINA-MB SILSTS;;307;6668;;;;;;112.00;42.55;;;;;;;;;;;;;;;;
M;030716724720;9009656729311;030716724720;5672931:SJC OCTEA CHRONO-LS GREPRO;5672931:SJC OCTEA CHRONO-LS GREPRO;;307;6668;;;;;;189.00;62.72;;;;;;;;;;;;;;;;
M;030716724721;9009656711538;030716724721;5671153:SJC OCTEA CHRONO-LS GRYPRO;5671153:SJC OCTEA CHRONO-LS GRYPRO;;307;6668;;;;;;189.00;63.01;;;;;;;;;;;;;;;;
M;030716724722;9009656711507;030716724722;5671150:SJC OCTEA CHRONO-LS IVOPRO;5671150:SJC OCTEA CHRONO-LS IVOPRO;;307;6668;;;;;;189.00;55.45;;;;;;;;;;;;;;;;
M;030716724723;9009656729373;030716724723;5672937:SJC OCTEA CHRONO-MB SILSTS PRO;5672937:SJC OCTEA CHRONO-MB SILSTS PRO;;307;6668;;;;;;211.00;75.88;;;;;;;;;;;;;;;;
M;030716940490;9009656730133;030716940490;5673013:WATCH CERTA MB PCG/WHT/PCG;5673013:WATCH CERTA MB PCG/WHT/PCG;;307;6668;;;;;;129.00;46.55;;;;;;;;;;;;;;;;
M;030716940492;9009656729984;030716940492;5672998:WATCH CERTA MB STS/WHT/STS;5672998:WATCH CERTA MB STS/WHT/STS;;307;6668;;;;;;109.00;39.54;;;;;;;;;;;;;;;;
M;030716940493;9009657116950;030716940493;5711695:WATCH CRYSTAL ROCK OVAL MB METSI/GRAY/PRO;5711695:WATCH CRYSTAL ROCK OVAL MB METSI/GRAY/PRO;;307;6668;;;;;;137.00;55.93;;;;;;;;;;;;;;;;
M;030716940494;9009656688540;030716940494;5668854:WATCH DEXTERA MC PGO/SILVER/PGO;5668854:WATCH DEXTERA MC PGO/SILVER/PGO;;307;6668;;;;;;198.00;59.06;;;;;;;;;;;;;;;;
M;030716940495;9009656688991;030716940495;5668899:WATCH DEXTERA MC STS/WHT/STS;5668899:WATCH DEXTERA MC STS/WHT/STS;;307;6668;;;;;;176.00;58.41;;;;;;;;;;;;;;;;
M;030716940496;9009657117100;030716940496;5711710:WATCH DEXTERA MB PCG/WHITE/PCG;5711710:WATCH DEXTERA MB PCG/WHITE/PCG;;307;6668;;;;;;189.00;68.72;;;;;;;;;;;;;;;;
M;030716940497;9009656688458;030716940497;5668845:WATCH DEXTERA LUX MB STS/SILVER/STS;5668845:WATCH DEXTERA LUX MB STS/SILVER/STS;;307;6668;;;;;;307.00;91.86;;;;;;;;;;;;;;;;
M;030716940498;9009656787564;030716940498;5678756:WATCH ILLUMINA MB PINK/PINK/PRO;5678756:WATCH ILLUMINA MB PINK/PINK/PRO;;307;6668;;;;;;137.00;45.93;;;;;;;;;;;;;;;;
M;030716940499;9009656798874;030716940499;5679887:WATCH MATRIX BANGLE MB GRAY/GRAY/PRO;5679887:WATCH MATRIX BANGLE MB GRAY/GRAY/PRO;;307;6668;;;;;;167.00;56.52;;;;;;;;;;;;;;;;
M;030716940500;9009656798904;030716940500;5679890:WATCH MATRIX BANGLE MB PINK/PINK/PRO;5679890:WATCH MATRIX BANGLE MB PINK/PINK/PRO;;307;6668;;;;;;149.00;49.87;;;;;;;;;;;;;;;;
M;030716940501;9009656774847;030716940501;5677484:WATCH MATRIX BANGLE MB PRO/WHT/PRO;5677484:WATCH MATRIX BANGLE MB PRO/WHT/PRO;;307;6668;;;;;;160.00;59.44;;;;;;;;;;;;;;;;
M;030716940502;9009656774878;030716940502;5677487:WATCH MATRIX BANGLE MB STS/WHT/STS;5677487:WATCH MATRIX BANGLE MB STS/WHT/STS;;307;6668;;;;;;142.00;46.24;;;;;;;;;;;;;;;;
M;030716940503;9009656775004;030716940503;5677500:WATCH NOVA CHRONO MB PCG/WHT/PCG;5677500:WATCH NOVA CHRONO MB PCG/WHT/PCG;;307;6668;;;;;;188.00;62.99;;;;;;;;;;;;;;;;
M;030716940504;9009656775066;030716940504;5677506:WATCH NOVA CHRONO MB PRO/WHT/PRO;5677506:WATCH NOVA CHRONO MB PRO/WHT/PRO;;307;6668;;;;;;187.00;62.99;;;;;;;;;;;;;;;;
M;030716940505;9009656775035;030716940505;5677503:WATCH NOVA CHRONO MB STS/WHT/STS;5677503:WATCH NOVA CHRONO MB STS/WHT/STS;;307;6668;;;;;;168.00;56.43;;;;;;;;;;;;;;;;
M;030716940506;9009656774946;030716940506;5677494:WATCH OCTEA MOON LS BLUE/BLUE/STS;5677494:WATCH OCTEA MOON LS BLUE/BLUE/STS;;307;6668;;;;;;176.00;52.49;;;;;;;;;;;;;;;;
M;030716940507;9009656774977;030716940507;5677497:WATCH OCTEA MOON MB PBK/BLACK/PBK;5677497:WATCH OCTEA MOON MB PBK/BLACK/PBK;;307;6668;;;;;;188.00;66.82;;;;;;;;;;;;;;;;
M;030716940508;9009656569528;030716940508;5656952:WATCH SYMBOLICA STAR LS BLACK/SILVER/STS;5656952:WATCH SYMBOLICA STAR LS BLACK/SILVER/STS;;307;6668;;;;;;137.00;45.93;;;;;;;;;;;;;;;;
M;030716940615;9009656533475;030716940615;5653347:WATCH ATTRACT MB CRY/WHITE/PRO;5653347:WATCH ATTRACT MB CRY/WHITE/PRO;;307;6668;;;;;;156.00;57.09;;;;;;;;;;;;;;;;
M;030717135799;9009657098140;030717135799;5709814:CRYSTALLINE BANGLE MB BEI CRY PRO;5709814:CRYSTALLINE BANGLE MB BEI CRY PRO;;307;6668;;;;;;154.00;50.47;;;;;;;;;;;;;;;;
M;030717135800;9009657098164;030717135800;5709816:CRYSTALLINE BANGLE MB GRE CRY PRO;5709816:CRYSTALLINE BANGLE MB GRE CRY PRO;;307;6668;;;;;;137.00;48.98;;;;;;;;;;;;;;;;
M;030717135801;9009656893241;030717135801;5689324:CRYSTALLINE BANGLE MB WHI CRY PRO;5689324:CRYSTALLINE BANGLE MB WHI CRY PRO;;307;6668;;;;;;154.00;47.94;;;;;;;;;;;;;;;;
M;030717135802;9009656817339;030717135802;5681733:CRYSTALLINE LUSTRE LS BLUE BLUE STS;5681733:CRYSTALLINE LUSTRE LS BLUE BLUE STS;;307;6668;;;;;;168.00;58.90;;;;;;;;;;;;;;;;
M;030717135803;9009657245155;030717135803;5724515:CURIOSA BANGLE WATCH MB STS WHT STS;5724515:CURIOSA BANGLE WATCH MB STS WHT STS;;307;6668;;;;;;220.00;68.49;;;;;;;;;;;;;;;;
M;030717135804;9009657080305;030717135804;5708030:DEXTERA ASYM MB PGO WHT PGO;5708030:DEXTERA ASYM MB PGO WHT PGO;;307;6668;;;;;;149.00;55.68;;;;;;;;;;;;;;;;
M;030717135805;9009657009962;030717135805;5700996:DEXTERA ASYM MB STS WHT STS;5700996:DEXTERA ASYM MB STS WHT STS;;307;6668;;;;;;129.00;46.14;;;;;;;;;;;;;;;;
M;030717135806;9009656908082;030717135806;5690808:MATRIX BANGLE MB GRE GRE PCG;5690808:MATRIX BANGLE MB GRE GRE PCG;;307;6668;;;;;;167.00;55.54;;;;;;;;;;;;;;;;
M;030717135807;9009656908112;030717135807;5690811:MATRIX BANGLE MB RED RED PRO;5690811:MATRIX BANGLE MB RED RED PRO;;307;6668;;;;;;149.00;52.05;;;;;;;;;;;;;;;;
M;030717135808;9009657223641;030717135808;5722364:MILLENIA MB MAUVE MAUVE PCG;5722364:MILLENIA MB MAUVE MAUVE PCG;;307;6668;;;;;;189.00;63.01;;;;;;;;;;;;;;;;
M;030717135809;9009656908044;030717135809;5690804:OCTEA CHRONO LS PUR PUR PRO;5690804:OCTEA CHRONO LS PUR PUR PRO;;307;6668;;;;;;189.00;58.90;;;;;;;;;;;;;;;;
M;030717135810;9009657181699;030717135810;5718169:IMBER W MB PGO WHT PGO;5718169:IMBER W MB PGO WHT PGO;;307;6668;;;;;;176.00;59.27;;;;;;;;;;;;;;;;
M;030717135811;9009657138839;030717135811;5713883:IMBER W MB PRO WHT PRO;5713883:IMBER W MB PRO WHT PRO;;307;6668;;;;;;176.00;64.05;;;;;;;;;;;;;;;;
M;030717135812;9009656936344;030717135812;5693634:IMBER W MB STS WHT STS;5693634:IMBER W MB STS WHT STS;;307;6668;;;;;;154.00;55.40;;;;;;;;;;;;;;;;
M;030717135813;9009657028512;030717135813;5702851:MATRIX CHRONO LS GRAY WHT PCG;5702851:MATRIX CHRONO LS GRAY WHT PCG;;307;6668;;;;;;176.00;55.87;;;;;;;;;;;;;;;;
M;030717135814;9009656983003;030717135814;5698300:MATRIX CHRONO LS PINK PINK PRO;5698300:MATRIX CHRONO LS PINK PINK PRO;;307;6668;;;;;;176.00;54.79;;;;;;;;;;;;;;;;
M;030717135815;9009657028499;030717135815;5702849:MATRIX CHRONO LS TAUPE WHT PRO;5702849:MATRIX CHRONO LS TAUPE WHT PRO;;307;6668;;;;;;176.00;58.61;;;;;;;;;;;;;;;;
M;030717135816;9009657066637;030717135816;5706663:MATRIX TENNIS LS BLACK WHT STS;5706663:MATRIX TENNIS LS BLACK WHT STS;;307;6668;;;;;;110.00;44.40;;;;;;;;;;;;;;;;
M;030717135817;9009657101055;030717135817;5710105:MATRIX TENNIS LS GRAY WHT PRO;5710105:MATRIX TENNIS LS GRAY WHT PRO;;307;6668;;;;;;118.00;47.23;;;;;;;;;;;;;;;;
M;030717135818;9009657101031;030717135818;5710103:MATRIX TENNIS LS WHT WHT PCG;5710103:MATRIX TENNIS LS WHT WHT PCG;;307;6668;;;;;;118.00;41.09;;;;;;;;;;;;;;;;
M;030717135883;9009657257851;030717135883;5725785:SPARKLING CHAIN PRO PRO;5725785:SPARKLING CHAIN PRO PRO;;307;6964;;;;;;97.00;30.13;;;;;;;;;;;;;;;;
M;030717135884;9009657257868;030717135884;5725786:SPARKLING PRINCESS PRO PRO;5725786:SPARKLING PRINCESS PRO PRO;;307;6964;;;;;;110.00;34.24;;;;;;;;;;;;;;;;
M;030717135973;9009657215608;030717135973;5721560:CERTA MS PBK BLACK PBK;5721560:CERTA MS PBK BLACK PBK;;307;6668;;;;;;112.00;41.09;;;;;;;;;;;;;;;;
M;030717135974;9009657215615;030717135974;5721561:CERTA MS PRO WHITE PRO;5721561:CERTA MS PRO WHITE PRO;;307;6668;;;;;;112.00;41.09;;;;;;;;;;;;;;;;
M;030717135975;9009657215578;030717135975;5721557:CERTA MS STS WHITE STS;5721557:CERTA MS STS WHITE STS;;307;6668;;;;;;93.00;34.24;;;;;;;;;;;;;;;;
M;030717205659;9009657298410;030717205659;5729841:MILLENIA MB TOPAZ TOPAZ PCG;5729841:MILLENIA MB TOPAZ TOPAZ PCG;;307;6668;;;;;;189.00;56.87;;;;;;;;;;;;;;;;
M;030717284326;9009657298434;030717284326;5729843:MILLENIA MB LROS LROS PRO;5729843:MILLENIA MB LROS LROS PRO;;307;6668;;;;;;189.00;58.64;;;;;;;;;;;;;;;;
M;030717344539;9009657175360;030717344539;5717536:SJC IMBER OVAL LS GREEN WHITE PRO;5717536:SJC IMBER OVAL LS GREEN WHITE PRO;;307;6668;;;;;;154.00;49.51;;;;;;;;;;;;;;;;
M;030717344540;9009657175391;030717344540;5717539:SJC IMBER OVAL LS LBLUE WHITE PCG;5717539:SJC IMBER OVAL LS LBLUE WHITE PCG;;307;6668;;;;;;154.00;49.51;;;;;;;;;;;;;;;;
M;030717344541;9009657175438;030717344541;5717543:SJC IMBER OVAL LS ORA WHITE PRO;5717543:SJC IMBER OVAL LS ORA WHITE PRO;;307;6668;;;;;;145.00;46.68;;;;;;;;;;;;;;;;
M;030717344542;9009657175322;030717344542;5717532:SJC IMBER OVAL MB PRO WHITE PRO;5717532:SJC IMBER OVAL MB PRO WHITE PRO;;307;6668;;;;;;189.00;65.60;;;;;;;;;;;;;;;;
M;030717344543;9009657175902;030717344543;5717590:SJC IMBER OVAL MB STS WHITE STS;5717590:SJC IMBER OVAL MB STS WHITE STS;;307;6668;;;;;;167.00;57.97;;;;;;;;;;;;;;;;
M;030717344544;9009657175889;030717344544;5717588:SJC DEXTERA MB PINK PINK PRO;5717588:SJC DEXTERA MB PINK PINK PRO;;307;6668;;;;;;160.00;53.75;;;;;;;;;;;;;;;;
M;030717344545;9009657154655;030717344545;5715465:SJC HYPERBOLA BANGLE MB PRO WHITE PRO;5715465:SJC HYPERBOLA BANGLE MB PRO WHITE PRO;;307;6668;;;;;;176.00;62.18;;;;;;;;;;;;;;;;
M;030717344546;9009657154631;030717344546;5715463:SJC HYPERBOLA BANGLE MB STS BLUE STS;5715463:SJC HYPERBOLA BANGLE MB STS BLUE STS;;307;6668;;;;;;154.00;49.51;;;;;;;;;;;;;;;;
M;030717344547;9009656894323;030717344547;5689432:SJC HYPERBOLA BANGLE MB STS WHITE STS;5689432:SJC HYPERBOLA BANGLE MB STS WHITE STS;;307;6668;;;;;;154.00;55.22;;;;;;;;;;;;;;;;
M;030717344548;9009657245162;030717344548;5724516:SJC MATRIX OCTAGON MB STS WHITE STS;5724516:SJC MATRIX OCTAGON MB STS WHITE STS;;307;6668;;;;;;285.00;91.95;;;;;;;;;;;;;;;;
M;030717344549;9009657325017;030717344549;5732501:SJC MATRIX OCTAGON MS PCG PCG;5732501:SJC MATRIX OCTAGON MS PCG PCG;;307;6668;;;;;;176.00;61.02;;;;;;;;;;;;;;;;
M;030717344550;9009657324973;030717344550;5732497:SJC MATRIX OCTAGON MS ROS ROS;5732497:SJC MATRIX OCTAGON MS ROS ROS;;307;6668;;;;;;176.00;63.39;;;;;;;;;;;;;;;;
M;030717344551;9009657324980;030717344551;5732498:SJC MATRIX OCTAGON MS STS STS;5732498:SJC MATRIX OCTAGON MS STS STS;;307;6668;;;;;;154.00;55.97;;;;;;;;;;;;;;;;
M;030717344552;9009657297222;030717344552;5729722:SJC MILLENIA MB LBLUE LBLUE STS;5729722:SJC MILLENIA MB LBLUE LBLUE STS;;307;6668;;;;;;176.00;56.58;;;;;;;;;;;;;;;;
M;030717344553;9009657298427;030717344553;5729842:SJC MILLENIA MB PERI PERI PCG;5729842:SJC MILLENIA MB PERI PERI PCG;;307;6668;;;;;;189.00;60.83;;;;;;;;;;;;;;;;
M;030717344554;9009657291824;030717344554;5729182:SJC MILLENIA MB WHT WHT STS;5729182:SJC MILLENIA MB WHT WHT STS;;307;6668;;;;;;176.00;62.56;;;;;;;;;;;;;;;;
M;030717344555;9009657283782;030717344555;5728378:SJC DEXTERA TACHYMETRE LS BLA STS;5728378:SJC DEXTERA TACHYMETRE LS BLA STS;;307;6668;;;;;;198.00;63.66;;;;;;;;;;;;;;;;
M;030717344556;9009657154570;030717344556;5715457:SJC DEXTERA MB BLUE BLUE BLUE;5715457:SJC DEXTERA MB BLUE BLUE BLUE;;307;6668;;;;;;264.00;84.88;;;;;;;;;;;;;;;;
M;030717344557;9009657303732;030717344557;5730373:SJC DEXTERA OCTAGON LS RED MOP PRO;5730373:SJC DEXTERA OCTAGON LS RED MOP PRO;;307;6668;;;;;;145.00;46.68;;;;;;;;;;;;;;;;
M;030717344558;9009657155171;030717344558;5715517:SJC DEXTERA OCTAGON MB PRO WHITE PRO;5715517:SJC DEXTERA OCTAGON MB PRO WHITE PRO;;307;6668;;;;;;168.00;61.15;;;;;;;;;;;;;;;;
M;030717344559;9009657155218;030717344559;5715521:SJC DEXTERA OCTAGON MB STS PRO WHITE STS;5715521:SJC DEXTERA OCTAGON MB STS PRO WHITE STS;;307;6668;;;;;;160.00;59.53;;;;;;;;;;;;;;;;
M;030715093770;9009655445830;030715093770;5544583:WATCH CRYSTALLINE CHIC MB STS/WHT/STS;5544583:WATCH CRYSTALLINE CHIC MB STS/WHT/STS;;307;6668;;;;;;116.00;44.93;;;;;;;;;;;;;;;;
M;030715093772;9009655476292;030715093772;5547629:WATCH CRYSTALLINE SPORTY LS BLU/BLU/STS;5547629:WATCH CRYSTALLINE SPORTY LS BLU/BLU/STS;;307;6668;;;;;;107.00;43.85;;;;;;;;;;;;;;;;
M;030715093773;9009655479767;030715093773;5547976:WATCH CRYSTALLINE SPORTY LS GRAY/GRAY/PCG;5547976:WATCH CRYSTALLINE SPORTY LS GRAY/GRAY/PCG;;307;6668;;;;;;115.00;45.62;;;;;;;;;;;;;;;;
M;030715093777;9009655477107;030715093777;5547710:WATCH UPTOWN LS BLK/BLK/PRO;5547710:WATCH UPTOWN LS BLK/BLK/PRO;;307;6668;;;;;;115.00;46.99;;;;;;;;;;;;;;;;
M;030715093778;9009655477138;030715093778;5547713:WATCH UPTOWN LS BLU/BLU/STS;5547713:WATCH UPTOWN LS BLU/BLU/STS;;307;6668;;;;;;107.00;44.03;;;;;;;;;;;;;;;;
M;030715093779;9009655477169;030715093779;5547716:WATCH UPTOWN LS GRAY/GRAY/PRO;5547716:WATCH UPTOWN LS GRAY/GRAY/PRO;;307;6668;;;;;;115.00;47.37;;;;;;;;;;;;;;;;
M;030715293535;9009655805306;030715293535;5580530:WATCH CRYSTALLINE CRS DLT MB PRO/BLK/PRO;5580530:WATCH CRYSTALLINE CRS DLT MB PRO/BLK/PRO;;307;6668;;;;;;137.00;78.63;;;;;;;;;;;;;;;;
M;030715293537;9009655805412;030715293537;5580541:WATCH CRYSTALLINE CRS DLT MB PRO/WHT/PRO;5580541:WATCH CRYSTALLINE CRS DLT MB PRO/WHT/PRO;;307;6668;;;;;;137.00;47.54;;;;;;;;;;;;;;;;
M;030715293538;9009655805337;030715293538;5580533:WATCH CRYSTALLINE CRS DLT MB STS/BLU/STS;5580533:WATCH CRYSTALLINE CRS DLT MB STS/BLU/STS;;307;6668;;;;;;105.00;40.59;;;;;;;;;;;;;;;;
M;030715293539;9009655805375;030715293539;5580537:WATCH CRYSTALLINE CRS DLT MB STS/WHT/STS;5580537:WATCH CRYSTALLINE CRS DLT MB STS/WHT/STS;;307;6668;;;;;;117.00;37.61;;;;;;;;;;;;;;;;
M;030715293540;9009655806006;030715293540;5580600:WATCH OCTEA LUX CHRONO LS BLU/BLU/STS;5580600:WATCH OCTEA LUX CHRONO LS BLU/BLU/STS;;307;6668;;;;;;148.00;57.21;;;;;;;;;;;;;;;;
M;030715293541;9009655803425;030715293541;5580342:WATCH PASSAGE CHRONO LS BLU/BLU/STS;5580342:WATCH PASSAGE CHRONO LS BLU/BLU/STS;;307;6668;;;;;;123.00;53.93;;;;;;;;;;;;;;;;
M;030715293543;9009655803487;030715293543;5580348:WATCH PASSAGE CHRONO LS GRAY/GRAY MOP/PRO;5580348:WATCH PASSAGE CHRONO LS GRAY/GRAY MOP/PRO;;307;6668;;;;;;156.00;53.99;;;;;;;;;;;;;;;;
M;030715293544;9009655803524;030715293544;5580352:WATCH PASSAGE CHRONO LS ROSE/ROSE MOP/PRO;5580352:WATCH PASSAGE CHRONO LS ROSE/ROSE MOP/PRO;;307;6668;;;;;;156.00;57.21;;;;;;;;;;;;;;;;
M;030715293655;9009655476148;030715293655;5547614:WATCH COCKTAIL MC PRO/WHT/PRO FP;5547614:WATCH COCKTAIL MC PRO/WHT/PRO FP;;307;6668;;;;;;153.00;64.62;;;;;;;;;;;;;;;;
M;030715509802;9009656105177;030715509802;5610517:WATCH OCTEA LUX SPORT 37MM PCG WHT PCG;5610517:WATCH OCTEA LUX SPORT 37MM PCG WHT PCG;;307;6668;;;;;;180.00;70.73;;;;;;;;;;;;;;;;
M;030715509803;9009656104699;030715509803;5610469:WATCH OCTEA LUX SPORT 37MM PRO ROSE PRO;5610469:WATCH OCTEA LUX SPORT 37MM PRO ROSE PRO;;307;6668;;;;;;159.00;68.11;;;;;;;;;;;;;;;;
M;030715509804;9009656121948;030715509804;5612194:WATCH OCTEA LUX SPORT 37MM PRO WHT PRO;5612194:WATCH OCTEA LUX SPORT 37MM PRO WHT PRO;;307;6668;;;;;;180.00;66.53;;;;;;;;;;;;;;;;
M;030715509805;9009656104941;030715509805;5610494:WATCH OCTEA LUX SPORT 37MM STS WHT STS PRO;5610494:WATCH OCTEA LUX SPORT 37MM STS WHT STS PRO;;307;6668;;;;;;162.00;62.99;;;;;;;;;;;;;;;;
M;030715509806;9009656104729;030715509806;5610472:WATCH OCTEA LUX SPORT 39MM BLK BLK BLK;5610472:WATCH OCTEA LUX SPORT 39MM BLK BLK BLK;;307;6668;;;;;;163.00;57.37;;;;;;;;;;;;;;;;
M;030715509807;9009656104750;030715509807;5610475:WATCH OCTEA LUX SPORT 39MM BLUE BLUE BLUE;5610475:WATCH OCTEA LUX SPORT 39MM BLUE BLUE BLUE;;307;6668;;;;;;163.00;62.23;;;;;;;;;;;;;;;;
M;030715509808;9009656104781;030715509808;5610478:WATCH OCTEA LUX SPORT 39MM PRO BLK PRO;5610478:WATCH OCTEA LUX SPORT 39MM PRO BLK PRO;;307;6668;;;;;;180.00;69.78;;;;;;;;;;;;;;;;
M;030715509809;9009656105207;030715509809;5610520:WATCH OCTEA LUX SPORT 39MM STS BLK STS;5610520:WATCH OCTEA LUX SPORT 39MM STS BLK STS;;307;6668;;;;;;141.00;98.76;;;;;;;;;;;;;;;;
M;030715509810;9009656104811;030715509810;5610481:WATCH OCTEA LUX SPORT 39MM STS BLUE STS;5610481:WATCH OCTEA LUX SPORT 39MM STS BLUE STS;;307;6668;;;;;;141.00;-4.19;;;;;;;;;;;;;;;;
M;030715509811;9009656104842;030715509811;5610484:WATCH ATTRACT PAVE PCG WHT PCG;5610484:WATCH ATTRACT PAVE PCG WHT PCG;;307;6668;;;;;;157.00;53.73;;;;;;;;;;;;;;;;
M;030715509812;9009656104873;030715509812;5610487:WATCH ATTRACT PAVE PRO WHT PRO;5610487:WATCH ATTRACT PAVE PRO WHT PRO;;307;6668;;;;;;143.00;51.78;;;;;;;;;;;;;;;;
M;030715509813;9009656104903;030715509813;5610490:WATCH ATTRACT PAVE STS WHT STS;5610490:WATCH ATTRACT PAVE STS WHT STS;;307;6668;;;;;;124.00;43.64;;;;;;;;;;;;;;;;
M;030715671771;9009656243855;030715671771;5624385:SJC LUCENT JEW WAT AQBLU/AQUA/ALU;5624385:SJC LUCENT JEW WAT AQBLU/AQUA/ALU;;307;6668;;;;;;94.00;48.18;;;;;;;;;;;;;;;;
M;030715671772;9009656243794;030715671772;5624379:SJC LUCENT JEW WAT GRNLI/PERID/ALU;5624379:SJC LUCENT JEW WAT GRNLI/PERID/ALU;;307;6668;;;;;;94.00;47.99;;;;;;;;;;;;;;;;
M;030715671773;9009656243732;030715671773;5624373:SJC LUCENT JEW WAT PIN/ROSE/ALU;5624373:SJC LUCENT JEW WAT PIN/ROSE/ALU;;307;6668;;;;;;94.00;46.25;;;;;;;;;;;;;;;;
M;030715671774;9009656243763;030715671774;5624376:SJC LUCENT JEW WAT VIOL/PUR/ALU;5624376:SJC LUCENT JEW WAT VIOL/PUR/ALU;;307;6668;;;;;;53.00;37.17;;;;;;;;;;;;;;;;
M;030715671775;9009656243824;030715671775;5624382:SJC LUCENT JEW WAT YEL/LTOP/ALU;5624382:SJC LUCENT JEW WAT YEL/LTOP/ALU;;307;6668;;;;;;53.00;46.25;;;;;;;;;;;;;;;;
M;030715692596;9009655996981;030715692596;5599698:WATCH SPARKLING OTHER CASE 40 BLACK CRY;5599698:WATCH SPARKLING OTHER CASE 40 BLACK CRY;;307;6964;;;;;;19.00;6.82;;;;;;;;;;;;;;;;
M;030715692597;9009655996974;030715692597;5599697:WATCH SPARKLING OTHER CASE GOS CRY GOS;5599697:WATCH SPARKLING OTHER CASE GOS CRY GOS;;307;6964;;;;;;19.00;6.82;;;;;;;;;;;;;;;;
M;030715974470;9009656324813;030715974470;5632481:WATCH OCTEA LUX SPORT 37MM GOS/SAPH/PCG;5632481:WATCH OCTEA LUX SPORT 37MM GOS/SAPH/PCG;;307;6668;;;;;;180.00;64.88;;;;;;;;;;;;;;;;
M;030715974471;9009656324721;030715974471;5632472:WATCH OCTEA LUX SPORT 37MM GOS/LCTO/PGO;5632472:WATCH OCTEA LUX SPORT 37MM GOS/LCTO/PGO;;307;6668;;;;;;180.00;64.91;;;;;;;;;;;;;;;;
M;030715974473;9009656322604;030715974473;5632260:WATCH OCTEA LUX CHRONO LS BRO/LCTO/PGO;5632260:WATCH OCTEA LUX CHRONO LS BRO/LCTO/PGO;;307;6668;;;;;;152.00;54.82;;;;;;;;;;;;;;;;
M;030716051368;9009656440728;030716051368;5644072:WATCH CEX COSMOPOLITAN PAVE SIL/CRY/STS PGO;5644072:WATCH CEX COSMOPOLITAN PAVE SIL/CRY/STS PGO;;307;6668;;;;;;94.00;33.55;;;;;;;;;;;;;;;;
M;030716051369;9009656474525;030716051369;5647452:WATCH COSMOPOLITAN PAVE BLU/BLU/PBL;5647452:WATCH COSMOPOLITAN PAVE BLU/BLU/PBL;;307;6668;;;;;;87.00;28.02;;;;;;;;;;;;;;;;
M;030716051370;9009656440810;030716051370;5644081:WATCH COSMOPOLITAN PAVE SIL/CRY/PRO;5644081:WATCH COSMOPOLITAN PAVE SIL/CRY/PRO;;307;6668;;;;;;98.00;39.08;;;;;;;;;;;;;;;;
M;030716051371;9009656440780;030716051371;5644078:WATCH CRY AURA CR GRETC/CRY/PRO;5644078:WATCH CRY AURA CR GRETC/CRY/PRO;;307;6668;;;;;;137.00;45.73;;;;;;;;;;;;;;;;
M;030716051372;9009656440759;030716051372;5644075:WATCH CRY AURA CR ROG/CRY/PRO;5644075:WATCH CRY AURA CR ROG/CRY/PRO;;307;6668;;;;;;157.00;58.58;;;;;;;;;;;;;;;;
M;030716051373;9009656422182;030716051373;5642218:WATCH CRYSTALLINE DELIGHT CR GRY/CRY/PRO;5642218:WATCH CRYSTALLINE DELIGHT CR GRY/CRY/PRO;;307;6668;;;;;;137.00;50.90;;;;;;;;;;;;;;;;
M;030716051374;9009656422212;030716051374;5642221:WATCH CRYSTALLINE DELIGHT CR ROS/CRY/PRO;5642221:WATCH CRYSTALLINE DELIGHT CR ROS/CRY/PRO;;307;6668;;;;;;133.00;41.29;;;;;;;;;;;;;;;;
M;030716051375;9009656308400;030716051375;5630840:WATCH MILLENIA JEW WAT AQUA//STS;5630840:WATCH MILLENIA JEW WAT AQUA//STS;;307;6668;;;;;;156.00;53.16;;;;;;;;;;;;;;;;
M;030716051376;9009656211731;030716051376;5621173:WATCH MILLENIA JEW WAT CRY//STS;5621173:WATCH MILLENIA JEW WAT CRY//STS;;307;6668;;;;;;156.00;57.49;;;;;;;;;;;;;;;;
M;030716051377;9009656308318;030716051377;5630831:WATCH MILLENIA JEW WAT LCTO//PCG;5630831:WATCH MILLENIA JEW WAT LCTO//PCG;;307;6668;;;;;;168.00;57.15;;;;;;;;;;;;;;;;
M;030716051378;9009656308370;030716051378;5630837:WATCH MILLENIA JEW WAT LROS//PRO;5630837:WATCH MILLENIA JEW WAT LROS//PRO;;307;6668;;;;;;168.00;57.15;;;;;;;;;;;;;;;;
M;030716051379;9009656308349;030716051379;5630834:WATCH MILLENIA JEW WAT PERI//PCG;5630834:WATCH MILLENIA JEW WAT PERI//PCG;;307;6668;;;;;;168.00;57.15;;;;;;;;;;;;;;;;
M;030716282609;9009656635674;030716282609;5663567:SJC SPARKLING WATCH CASE WHI/RHS;5663567:SJC SPARKLING WATCH CASE WHI/RHS;;307;6964;;;;;;27.00;3.86;;;;;;;;;;;;;;;;
M;030716282610;9009656635681;030716282610;5663568:SJC SPARKLING WATCH CASE WHI/ROS;5663568:SJC SPARKLING WATCH CASE WHI/ROS;;307;6964;;;;;;27.00;8.50;;;;;;;;;;;;;;;;
M;030716282611;9009656440537;030716282611;5644053:WATCH ATTRACT FP ROG/WHITE/ROS;5644053:WATCH ATTRACT FP ROG/WHITE/ROS;;307;6668;;;;;;168.00;57.26;;;;;;;;;;;;;;;;
M;030716282612;9009656440629;030716282612;5644062:WATCH ATTRACT FP SIL/WHITE/STS;5644062:WATCH ATTRACT FP SIL/WHITE/STS;;307;6668;;;;;;149.00;56.20;;;;;;;;;;;;;;;;
M;030716282613;9009656499870;030716282613;5649987:WATCH ATTRACT ROG/WHITE/STS;5649987:WATCH ATTRACT ROG/WHITE/STS;;307;6668;;;;;;149.00;49.73;;;;;;;;;;;;;;;;
M;030716282617;9009656354506;030716282617;5635450:WATCH DEXTERA MB 37 GOS/SIL/GOS;5635450:WATCH DEXTERA MB 37 GOS/SIL/GOS;;307;6668;;;;;;169.00;63.56;;;;;;;;;;;;;;;;
M;030716282618;9009656412947;030716282618;5641294:WATCH DEXTERA MB 37 ROG/BLACK/ROS;5641294:WATCH DEXTERA MB 37 ROG/BLACK/ROS;;307;6668;;;;;;169.00;64.41;;;;;;;;;;;;;;;;
M;030716282619;9009656346488;030716282619;5634648:WATCH DEXTERA MB 37 SIL/SIL/STS;5634648:WATCH DEXTERA MB 37 SIL/SIL/STS;;307;6668;;;;;;150.00;57.26;;;;;;;;;;;;;;;;
M;030716282620;9009656413937;030716282620;5641393:WATCH DEXTERA MB 39 BLK/BLK/PBK;5641393:WATCH DEXTERA MB 39 BLK/BLK/PBK;;307;6668;;;;;;214.00;78.73;;;;;;;;;;;;;;;;
M;030716282621;9009656412978;030716282621;5641297:WATCH DEXTERA MB 39 SIL/SIL/STS;5641297:WATCH DEXTERA MB 39 SIL/SIL/STS;;307;6668;;;;;;190.00;71.23;;;;;;;;;;;;;;;;
M;030716282622;9009656499993;030716282622;5649999:WATCH OCTEA NOVA BEI/BEI/PRO;5649999:WATCH OCTEA NOVA BEI/BEI/PRO;;307;6668;;;;;;117.00;42.70;;;;;;;;;;;;;;;;
M;030716282623;9009656500330;030716282623;5650033:WATCH OCTEA NOVA BLACK/BLACK/PRO;5650033:WATCH OCTEA NOVA BLACK/BLACK/PRO;;307;6668;;;;;;117.00;42.62;;;;;;;;;;;;;;;;
M;030716282624;9009656500057;030716282624;5650005:WATCH OCTEA NOVA EMERA/EMER/PGO;5650005:WATCH OCTEA NOVA EMERA/EMER/PGO;;307;6668;;;;;;113.00;43.06;;;;;;;;;;;;;;;;
M;030716282625;9009656499931;030716282625;5649993:WATCH OCTEA NOVA GOS/GOS/PGO;5649993:WATCH OCTEA NOVA GOS/GOS/PGO;;307;6668;;;;;;143.00;54.18;;;;;;;;;;;;;;;;
M;030716282626;9009656500118;030716282626;5650011:WATCH OCTEA NOVA ROG/SIL/PRO;5650011:WATCH OCTEA NOVA ROG/SIL/PRO;;307;6668;;;;;;148.00;52.55;;;;;;;;;;;;;;;;
M;030716282627;9009656500309;030716282627;5650030:WATCH OCTEA NOVA ROS/ROS/PRO;5650030:WATCH OCTEA NOVA ROS/ROS/PRO;;307;6668;;;;;;113.00;42.87;;;;;;;;;;;;;;;;
M;030716282628;9009656500392;030716282628;5650039:WATCH OCTEA NOVA SIL/SIL/STS;5650039:WATCH OCTEA NOVA SIL/SIL/STS;;307;6668;;;;;;129.00;46.96;;;;;;;;;;;;;;;;
M;030716524250;9009656786772;030716524250;5678677:SPARKLING CHAIN OTHER BLA/PBK;5678677:SPARKLING CHAIN OTHER BLA/PBK;;307;6964;;;;;;97.00;27.24;;;;;;;;;;;;;;;;
M;030716524251;9009656786710;030716524251;5678671:SPARKLING CHAIN OTHER COCKTAILB SIL/STS;5678671:SPARKLING CHAIN OTHER COCKTAILB SIL/STS;;307;6964;;;;;;79.00;23.80;;;;;;;;;;;;;;;;
M;030716524252;9009656786758;030716524252;5678675:SPARKLING PRINCESS OTHER V3 BLA/PBK;5678675:SPARKLING PRINCESS OTHER V3 BLA/PBK;;307;6964;;;;;;110.00;31.67;;;;;;;;;;;;;;;;
M;030716524253;9009656721674;030716524253;5672167:SPARKLING PRINCESS OTHER V3 SIL/STS;5672167:SPARKLING PRINCESS OTHER V3 SIL/STS;;307;6964;;;;;;101.00;29.14;;;;;;;;;;;;;;;;
M;030716524597;9009656568781;030716524597;5656878:CRYSTAL ROCK OVAL MB CRY/WHITE/STS;5656878:CRYSTAL ROCK OVAL MB CRY/WHITE/STS;;307;6668;;;;;;117.00;41.34;;;;;;;;;;;;;;;;
M;030716524598;9009656568514;030716524598;5656851:CRYSTAL ROCK OVAL MB CRY/WHITE/PRO;5656851:CRYSTAL ROCK OVAL MB CRY/WHITE/PRO;;307;6668;;;;;;137.00;47.84;;;;;;;;;;;;;;;;
M;030716524599;9009656568811;030716524599;5656881:CRYSTAL ROCK OVAL MB SIL/CRY/STS;5656881:CRYSTAL ROCK OVAL MB SIL/CRY/STS;;307;6668;;;;;;133.00;47.95;;;;;;;;;;;;;;;;
M;030716524600;9009656568224;030716524600;5656822:CRYSTAL ROCK OVAL MB BLU/BLU/PRO;5656822:CRYSTAL ROCK OVAL MB BLU/BLU/PRO;;307;6668;;;;;;137.00;48.23;;;;;;;;;;;;;;;;
M;030716524601;9009656568576;030716524601;5656857:CRYSTAL ROCK OVAL MB CRY/BLACK/PRO;5656857:CRYSTAL ROCK OVAL MB CRY/BLACK/PRO;;307;6668;;;;;;137.00;47.84;;;;;;;;;;;;;;;;
M;030716524602;9009656568996;030716524602;5656899:CRYSTALLINE WONDER LS BEI/CRY/PRO;5656899:CRYSTALLINE WONDER LS BEI/CRY/PRO;;307;6668;;;;;;148.00;54.36;;;;;;;;;;;;;;;;
M;030716524603;9009656533598;030716524603;5653359:CRYSTALLINE WONDER LS BLACK/CRY/PRO;5653359:CRYSTALLINE WONDER LS BLACK/CRY/PRO;;307;6668;;;;;;148.00;52.84;;;;;;;;;;;;;;;;
M;030716524604;9009656643112;030716524604;5664311:CRYSTALLINE WONDER LS BLACK/JET/PBK;5664311:CRYSTALLINE WONDER LS BLACK/JET/PBK;;307;6668;;;;;;144.00;52.84;;;;;;;;;;;;;;;;
M;030716524605;9009656568934;030716524605;5656893:CRYSTALLINE WONDER LS GRETC/CRY/PGO;5656893:CRYSTALLINE WONDER LS GRETC/CRY/PGO;;307;6668;;;;;;148.00;52.84;;;;;;;;;;;;;;;;
M;030716524607;9009656569290;030716524607;5656929:CRYSTALLINE WONDER MB SIL/CRY/STS;5656929:CRYSTALLINE WONDER MB SIL/CRY/STS;;307;6668;;;;;;156.00;55.65;;;;;;;;;;;;;;;;
M;030716524608;9009656569115;030716524608;5656911:CRYSTALLINE WONDER MB ROG/CRY/PRO;5656911:CRYSTALLINE WONDER MB ROG/CRY/PRO;;307;6668;;;;;;176.00;62.57;;;;;;;;;;;;;;;;
M;030717344560;9009656986905;030717344560;5698690:SJC DEXTERA OCTAGON MB STS WHITE STS;5698690:SJC DEXTERA OCTAGON MB STS WHITE STS;;307;6668;;;;;;151.00;55.34;;;;;;;;;;;;;;;;
M;030717344561;9009657150268;030717344561;5715026:SJC MATRIX 3 LINK MB PCG SIL PCG;5715026:SJC MATRIX 3 LINK MB PCG SIL PCG;;307;6668;;;;;;124.00;43.39;;;;;;;;;;;;;;;;
M;030717344562;9009657061823;030717344562;5706182:SJC MATRIX 3 LINK MB STS SIL STS;5706182:SJC MATRIX 3 LINK MB STS SIL STS;;307;6668;;;;;;101.00;37.10;;;;;;;;;;;;;;;;
M;030717344563;9009657150282;030717344563;5715028:SJC MATRIX 3 LINK MB STS SIL STS PRO;5715028:SJC MATRIX 3 LINK MB STS SIL STS PRO;;307;6668;;;;;;110.00;39.60;;;;;;;;;;;;;;;;
M;030717344679;9009657054061;030717344679;5705406:SJC MATRIX PEARL MB PRO WHITE PRO;5705406:SJC MATRIX PEARL MB PRO WHITE PRO;;307;6668;;;;;;167.00;53.75;;;;;;;;;;;;;;;;
M;030717541776;9009657408239;030717541776;5740823:WATCH CLARICA MS PGO WHITE PGO;5740823:WATCH CLARICA MS PGO WHITE PGO;;307;6668;;;;;;132.00;43.85;;;;;;;;;;;;;;;;
M;030717541777;9009657409717;030717541777;5740971:WATCH CLARICA MS STS WHITE STS;5740971:WATCH CLARICA MS STS WHITE STS;;307;6668;;;;;;110.00;36.54;;;;;;;;;;;;;;;;
M;030717541778;9009657556602;030717541778;5755660:WATCH COSMOPOLITAN MB STS SIL STS PGO;5755660:WATCH COSMOPOLITAN MB STS SIL STS PGO;;307;6668;;;;;;110.00;36.54;;;;;;;;;;;;;;;;
M;030717541779;9009657424734;030717541779;5742473:WATCH COSMOPOLITAN PAVE MB STS SIL STS PRO;5742473:WATCH COSMOPOLITAN PAVE MB STS SIL STS PRO;;307;6668;;;;;;110.00;38.90;;;;;;;;;;;;;;;;
M;030717541780;9009657424758;030717541780;5742475:WATCH COSMOPOLITAN PAVE MB STS SILVER STS;5742475:WATCH COSMOPOLITAN PAVE MB STS SILVER STS;;307;6668;;;;;;101.00;38.21;;;;;;;;;;;;;;;;
M;030717541781;9009657301462;030717541781;5730146:WATCH CRYSTALLINE LS IVO IVO PRO;5730146:WATCH CRYSTALLINE LS IVO IVO PRO;;307;6668;;;;;;154.00;51.16;;;;;;;;;;;;;;;;
M;030717541782;9009657301509;030717541782;5730150:WATCH CRYSTALLINE LS PINK PINK PRO;5730150:WATCH CRYSTALLINE LS PINK PINK PRO;;307;6668;;;;;;154.00;51.16;;;;;;;;;;;;;;;;
M;030717541783;9009657301400;030717541783;5730140:WATCH CRYSTALLINE MB PRO WHITE PRO;5730140:WATCH CRYSTALLINE MB PRO WHITE PRO;;307;6668;;;;;;189.00;62.85;;;;;;;;;;;;;;;;
M;030717541784;9009657301622;030717541784;5730162:WATCH CRYSTALLINE MB STS PRO WHITE STS PRO;5730162:WATCH CRYSTALLINE MB STS PRO WHITE STS PRO;;307;6668;;;;;;189.00;66.91;;;;;;;;;;;;;;;;
M;030717541785;9009657154471;030717541785;5715447:WATCH DEXTERA MB PGO SILVER PGO;5715447:WATCH DEXTERA MB PGO SILVER PGO;;307;6668;;;;;;330.00;109.62;;;;;;;;;;;;;;;;
M;030717541786;9009657301844;030717541786;5730184:WATCH DEXTERA LS BROWN WHITE PRO;5730184:WATCH DEXTERA LS BROWN WHITE PRO;;307;6668;;;;;;145.00;54.19;;;;;;;;;;;;;;;;
M;030717541787;9009657302087;030717541787;5730208:WATCH DEXTERA LS IVO WHITE PRO;5730208:WATCH DEXTERA LS IVO WHITE PRO;;307;6668;;;;;;145.00;48.23;;;;;;;;;;;;;;;;
M;030717541788;9009657495697;030717541788;5749569:WATCH GEMA MC MUL SIL PGO;5749569:WATCH GEMA MC MUL SIL PGO;;307;6668;;;;;;154.00;55.91;;;;;;;;;;;;;;;;
M;030717541789;9009657379553;030717541789;5737955:WATCH GEMA MC STS SIL STS;5737955:WATCH GEMA MC STS SIL STS;;307;6668;;;;;;132.00;46.68;;;;;;;;;;;;;;;;
M;030717541790;9009657415190;030717541790;5741519:WATCH IDYLLIA MC PGO PINK PGO;5741519:WATCH IDYLLIA MC PGO PINK PGO;;307;6668;;;;;;154.00;51.16;;;;;;;;;;;;;;;;
M;030717541791;9009657161080;030717541791;5716108:WATCH IMBER MB PCG WHITE PCG;5716108:WATCH IMBER MB PCG WHITE PCG;;307;6668;;;;;;176.00;66.46;;;;;;;;;;;;;;;;
M;030717541792;9009657054191;030717541792;5705419:WATCH IMBER MB STS WHITE STS;5705419:WATCH IMBER MB STS WHITE STS;;307;6668;;;;;;154.00;54.46;;;;;;;;;;;;;;;;
M;030717541793;9009657412274;030717541793;5741227:WATCH IMBER MB PRO WHITE PRO;5741227:WATCH IMBER MB PRO WHITE PRO;;307;6668;;;;;;189.00;66.91;;;;;;;;;;;;;;;;
M;030717541794;9009657412298;030717541794;5741229:WATCH IMBER MB STS WHITE STS;5741229:WATCH IMBER MB STS WHITE STS;;307;6668;;;;;;167.00;59.13;;;;;;;;;;;;;;;;
M;030717541795;9009657301721;030717541795;5730172:WATCH MATRIX MB STS LBLUE STS;5730172:WATCH MATRIX MB STS LBLUE STS;;307;6668;;;;;;145.00;48.23;;;;;;;;;;;;;;;;
M;030717541796;9009657436973;030717541796;5743697:WATCH MATRIX MB PRO BLACK PRO;5743697:WATCH MATRIX MB PRO BLACK PRO;;307;6668;;;;;;167.00;55.54;;;;;;;;;;;;;;;;
M;030717541797;9009657436805;030717541797;5743680:WATCH MATRIX MB STS WHITE STS;5743680:WATCH MATRIX MB STS WHITE STS;;307;6668;;;;;;145.00;52.10;;;;;;;;;;;;;;;;
M;030717541798;9009657301943;030717541798;5730194:WATCH OCTEA MB PCG WHITE PCG;5730194:WATCH OCTEA MB PCG WHITE PCG;;307;6668;;;;;;220.00;73.08;;;;;;;;;;;;;;;;
M;030717541799;9009657346357;030717541799;5734635:WATCH SUBLIMA MB PCG WHITE PCG;5734635:WATCH SUBLIMA MB PCG WHITE PCG;;307;6668;;;;;;176.00;66.46;;;;;;;;;;;;;;;;
M;030717541800;9009657346333;030717541800;5734633:WATCH SUBLIMA MB PRO WHITE PRO;5734633:WATCH SUBLIMA MB PRO WHITE PRO;;307;6668;;;;;;176.00;66.46;;;;;;;;;;;;;;;;
M;030717541801;9009657303695;030717541801;5730369:WATCH SUBLIMA MB STS WHT STS;5730369:WATCH SUBLIMA MB STS WHT STS;;307;6668;;;;;;154.00;54.46;;;;;;;;;;;;;;;;
M;030717541802;9009657424772;030717541802;5742477:WATCH SWA ATTRACT MB FP ROS WHITE ROS;5742477:WATCH SWA ATTRACT MB FP ROS WHITE ROS;;307;6668;;;;;;189.00;66.91;;;;;;;;;;;;;;;;
M;030717541803;9009657424796;030717541803;5742479:WATCH SWA ATTRACT MB FP STS WHITE STS;5742479:WATCH SWA ATTRACT MB FP STS WHITE STS;;307;6668;;;;;;167.00;61.13;;;;;;;;;;;;;;;;
M;030717541804;9009657398387;030717541804;5739838:WATCH TEDDY LS PINK WHITE PRO;5739838:WATCH TEDDY LS PINK WHITE PRO;;307;6668;;;;;;132.00;43.85;;;;;;;;;;;;;;;;
M;030717565703;9009657327639;030717565703;5732763:WATCH COCKTAIL MC PRO WHITE PRO;5732763:WATCH COCKTAIL MC PRO WHITE PRO;;307;6668;;;;;;131.00;51.16;;;;;;;;;;;;;;;;
M;030717565704;9009657327653;030717565704;5732765:WATCH COCKTAIL MC STS WHITE STS;5732765:WATCH COCKTAIL MC STS WHITE STS;;307;6668;;;;;;112.00;43.85;;;;;;;;;;;;;;;;
M;030717565705;9009657579908;030717565705;5757990:WATCH COSMOPOLITAN PAVE MB STS BLUE STS;5757990:WATCH COSMOPOLITAN PAVE MB STS BLUE STS;;307;6668;;;;;;86.00;33.62;;;;;;;;;;;;;;;;
M;030717565706;9009657424819;030717565706;5742481:WATCH SWA ATTRACT PAVE MB PCG WHT PCG;5742481:WATCH SWA ATTRACT PAVE MB PCG WHT PCG;;307;6668;;;;;;149.00;58.46;;;;;;;;;;;;;;;;
M;030717989799;9009657494539;030717989799;5749453:WATCHES DEXTERA MB FP PGO SIL PGO;5749453:WATCHES DEXTERA MB FP PGO SIL PGO;;307;6668;;;;;;192.00;63.22;;;;;;;;;;;;;;;;
M;030717989800;9009657494492;030717989800;5749449:WATCHES DEXTERA MB FP PRO SIL PRO;5749449:WATCHES DEXTERA MB FP PRO SIL PRO;;307;6668;;;;;;192.00;63.22;;;;;;;;;;;;;;;;
M;030717989802;9009657494515;030717989802;5749451:WATCHES DEXTERA MB FP STS SIL STS;5749451:WATCHES DEXTERA MB FP STS SIL STS;;307;6668;;;;;;170.00;55.87;;;;;;;;;;;;;;;;
M;030717989803;9009657445616;030717989803;5744561:WATCHES DEXTERA MB TM STS WHITE STS;5744561:WATCHES DEXTERA MB TM STS WHITE STS;;307;6668;;;;;;224.00;73.51;;;;;;;;;;;;;;;;
M;030717989804;9009657545347;030717989804;5754534:WATCHES HYPERBOLA MB PGO WHITE PGO;5754534:WATCHES HYPERBOLA MB PGO WHITE PGO;;307;6668;;;;;;179.00;58.81;;;;;;;;;;;;;;;;
M;030717989805;9009657548126;030717989805;5754812:WATCHES IMBER MB PGO WHITE PGO;5754812:WATCHES IMBER MB PGO WHITE PGO;;307;6668;;;;;;170.00;55.87;;;;;;;;;;;;;;;;
M;030717989806;9009657548140;030717989806;5754814:WATCHES IMBER MB PRO GREY PRO;5754814:WATCHES IMBER MB PRO GREY PRO;;307;6668;;;;;;170.00;55.87;;;;;;;;;;;;;;;;
M;030717989807;9009657408260;030717989807;5740826:WATCHES IMBER MB STS WHITE STS;5740826:WATCHES IMBER MB STS WHITE STS;;307;6668;;;;;;148.00;48.52;;;;;;;;;;;;;;;;
M;030717989808;9009657462217;030717989808;5746221:WATCHES IMBER MB PRO GREEN PRO;5746221:WATCHES IMBER MB PRO GREEN PRO;;307;6668;;;;;;192.00;63.22;;;;;;;;;;;;;;;;
M;030717989809;9009657437130;030717989809;5743713:WATCHES MATRIX MB MAUVE MAUVE PCG;5743713:WATCHES MATRIX MB MAUVE MAUVE PCG;;307;6668;;;;;;170.00;55.87;;;;;;;;;;;;;;;;
M;030717989810;9009657455349;030717989810;5745534:WATCHES MATRIX MB PGO WHT PGO;5745534:WATCHES MATRIX MB PGO WHT PGO;;307;6668;;;;;;192.00;63.22;;;;;;;;;;;;;;;;
M;030717989811;9009657346593;030717989811;5734659:WATCHES MATRIX MB PRO WHITE PRO;5734659:WATCHES MATRIX MB PRO WHITE PRO;;307;6668;;;;;;192.00;63.22;;;;;;;;;;;;;;;;
M;030717989812;9009657346630;030717989812;5734663:WATCHES MATRIX MB STS WHITE STS PRO;5734663:WATCHES MATRIX MB STS WHITE STS PRO;;307;6668;;;;;;192.00;63.22;;;;;;;;;;;;;;;;
M;030717989813;9009657346654;030717989813;5734665:WATCHES MATRIX MB STS WHT STS;5734665:WATCHES MATRIX MB STS WHT STS;;307;6668;;;;;;170.00;55.87;;;;;;;;;;;;;;;;
M;030717989814;9009657463757;030717989814;5746375:WATCHES MATRIX LS RED WHITE PRO;5746375:WATCHES MATRIX LS RED WHITE PRO;;307;6668;;;;;;170.00;55.87;;;;;;;;;;;;;;;;
M;030717989815;9009657556862;030717989815;5755686:WATCHES MATRIX LS TAUPE TAUPE PRO;5755686:WATCHES MATRIX LS TAUPE TAUPE PRO;;307;6668;;;;;;170.00;55.87;;;;;;;;;;;;;;;;
M;030717989816;9009657396321;030717989816;5739632:WATCHES MATRIX MB L BLUE L BLUE STS;5739632:WATCHES MATRIX MB L BLUE L BLUE STS;;307;6668;;;;;;291.00;95.56;;;;;;;;;;;;;;;;
M;030717989817;9009657545361;030717989817;5754536:WATCHES MATRIX LS IVO MOP PRO;5754536:WATCHES MATRIX LS IVO MOP PRO;;307;6668;;;;;;179.00;58.81;;;;;;;;;;;;;;;;
M;030717989818;9009657437017;030717989818;5743701:WATCHES OCTEA MB BLUE BLUE PRO;5743701:WATCHES OCTEA MB BLUE BLUE PRO;;307;6668;;;;;;215.00;70.57;;;;;;;;;;;;;;;;
M;030717989819;9009657505006;030717989819;5750500:WATCHES UNA MC PGO WHITE PGO;5750500:WATCHES UNA MC PGO WHITE PGO;;307;6668;;;;;;170.00;55.87;;;;;;;;;;;;;;;;
M;030717989820;9009657533092;030717989820;5753309:WATCHES UNA MC PRO WHITE PRO;5753309:WATCHES UNA MC PRO WHITE PRO;;307;6668;;;;;;170.00;55.87;;;;;;;;;;;;;;;;
M;030717989821;9009657370383;030717989821;5737038:WATCHES UNA MC STS WHITE STS;5737038:WATCHES UNA MC STS WHITE STS;;307;6668;;;;;;148.00;48.52;;;;;;;;;;;;;;;;
M;030717989872;9009657552284;030717989872;5755228:SJC JOY BLACK JET;5755228:SJC JOY BLACK JET;;307;6964;;;;;;40.00;13.08;;;;;;;;;;;;;;;;
M;030717989873;9009657552239;030717989873;5755223:SJC JOY GRAY CLEAR;5755223:SJC JOY GRAY CLEAR;;307;6964;;;;;;40.00;13.08;;;;;;;;;;;;;;;;
M;030717989874;9009657552277;030717989874;5755227:SJC JOY GREEN CLEAR;5755227:SJC JOY GREEN CLEAR;;307;6964;;;;;;40.00;13.08;;;;;;;;;;;;;;;;
M;030718020306;9009657595625;030718020306;5759562:WATCH CERTA MS PGO WHT PGO;5759562:WATCH CERTA MS PGO WHT PGO;;307;6668;;;;;;120.00;44.03;;;;;;;;;;;;;;;;
M;030718020307;9009657596981;030718020307;5759698:WATCH COCKTAIL MC PGO WHT PGO;5759698:WATCH COCKTAIL MC PGO WHT PGO;;307;6668;;;;;;140.00;51.37;;;;;;;;;;;;;;;;
