NUM_DOC;LABEL_DOC;SITE_LOCATION;STOCK_LOCATION;DATE;STATUS_DOC;CODE_ARTICLE;EXPECTED_QUANTITY_LINE;COUNTED_QUANTITY_LINE;GAP_QUANTITY_LINE;STATUS_LINE;FAMILY
FAI000000002855;SWR VL PODIUM FC- 190526;30104;30104_L2;20260520 08:05:07;CONFIRMED;030715362321;175;175;0;COUNTED_WEB;6622
FAI000000002855;SWR VL PODIUM FC- 190526;30104;30104_L2;20260520 08:05:07;CONFIRMED;030714455107;2;1;-1;COUNTED_ON_SECTOR;6033
FAI000000002855;SWR VL PODIUM FC- 190526;30104;30104_L2;20260520 08:05:07;CONFIRMED;030716724495;1;1;0;COUNTED_ON_SECTOR;6033
FAI000000002855;SWR VL PODIUM FC- 190526;30104;30104_L2;20260520 08:05:07;CONFIRMED;030716724699;3;3;0;COUNTED_ON_SECTOR;6033
FAI000000002855;SWR VL PODIUM FC- 190526;30104;30104_L2;20260520 08:05:07;CONFIRMED;030716724674;1;1;0;COUNTED_ON_SECTOR;4137
FAI000000002855;SWR VL PODIUM FC- 190526;30104;30104_L2;20260520 08:05:07;CONFIRMED;030716724675;3;3;0;COUNTED_ON_SECTOR;4137
FAI000000002855;SWR VL PODIUM FC- 190526;30104;30104_L2;20260520 08:05:07;CONFIRMED;030714881702;3;3;0;COUNTED_ON_SECTOR;4137
FAI000000002855;SWR VL PODIUM FC- 190526;30104;30104_L2;20260520 08:05:07;CONFIRMED;030714881705;1;1;0;COUNTED_ON_SECTOR;4137
FAI000000002855;SWR VL PODIUM FC- 190526;30104;30104_L2;20260520 08:05:07;CONFIRMED;030714881709;3;3;0;COUNTED_ON_SECTOR;6033
FAI000000002855;SWR VL PODIUM FC- 190526;30104;30104_L2;20260520 08:05:07;CONFIRMED;030716524519;2;1;-1;COUNTED_ON_SECTOR;4533
FAI000000002855;SWR VL PODIUM FC- 190526;30104;30104_L2;20260520 08:05:07;CONFIRMED;030716050828;1;0;-1;NOT_COUNT;6688
FAI000000002855;SWR VL PODIUM FC- 190526;30104;30104_L2;20260520 08:05:07;CONFIRMED;030715838511;3;1;-2;COUNTED_ON_SECTOR;6033
FAI000000002855;SWR VL PODIUM FC- 190526;30104;30104_L2;20260520 08:05:07;CONFIRMED;030716282526;1;1;0;COUNTED_ON_SECTOR;6688
FAI000000002855;SWR VL PODIUM FC- 190526;30104;30104_L2;20260520 08:05:07;CONFIRMED;030716724703;2;2;0;COUNTED_ON_SECTOR;4137
FAI000000002855;SWR VL PODIUM FC- 190526;30104;30104_L2;20260520 08:05:07;CONFIRMED;030713958769;1;1;0;COUNTED_ON_SECTOR;4533
FAI000000002855;SWR VL PODIUM FC- 190526;30104;30104_L2;20260520 08:05:07;CONFIRMED;030714881886;1;1;0;COUNTED_ON_SECTOR;6033
FAI000000002855;SWR VL PODIUM FC- 190526;30104;30104_L2;20260520 08:05:07;CONFIRMED;030714881903;0;1;1;COUNTED_ON_SECTOR;6033
FAI000000002855;SWR VL PODIUM FC- 190526;30104;30104_L2;20260520 08:05:07;CONFIRMED;030714882102;1;1;0;COUNTED_ON_SECTOR;6939
FAI000000002855;SWR VL PODIUM FC- 190526;30104;30104_L2;20260520 08:05:07;CONFIRMED;030710145688;4;4;0;COUNTED_ON_SECTOR;4137
FAI000000002855;SWR VL PODIUM FC- 190526;30104;30104_L2;20260520 08:05:07;CONFIRMED;030715351324;1;1;0;COUNTED_ON_SECTOR;6033
FAI000000002855;SWR VL PODIUM FC- 190526;30104;30104_L2;20260520 08:05:07;CONFIRMED;030716050810;1;1;0;COUNTED_ON_SECTOR;4533
FAI000000002855;SWR VL PODIUM FC- 190526;30104;30104_L2;20260520 08:05:07;CONFIRMED;030715093682;1;1;0;COUNTED_ON_SECTOR;6688
FAI000000002855;SWR VL PODIUM FC- 190526;30104;30104_L2;20260520 08:05:07;CONFIRMED;030715509736;2;2;0;COUNTED_ON_SECTOR;6033
FAI000000002855;SWR VL PODIUM FC- 190526;30104;30104_L2;20260520 08:05:07;CONFIRMED;030716282444;7;7;0;COUNTED_ON_SECTOR;4137
FAI000000002855;SWR VL PODIUM FC- 190526;30104;30104_L2;20260520 08:05:07;CONFIRMED;030716282445;7;7;0;COUNTED_ON_SECTOR;4137
FAI000000002855;SWR VL PODIUM FC- 190526;30104;30104_L2;20260520 08:05:07;CONFIRMED;030716282446;10;10;0;COUNTED_ON_SECTOR;4137
FAI000000002855;SWR VL PODIUM FC- 190526;30104;30104_L2;20260520 08:05:07;CONFIRMED;030716282449;1;1;0;COUNTED_ON_SECTOR;4137
FAI000000002855;SWR VL PODIUM FC- 190526;30104;30104_L2;20260520 08:05:07;CONFIRMED;030716282450;1;1;0;COUNTED_ON_SECTOR;4137
FAI000000002855;SWR VL PODIUM FC- 190526;30104;30104_L2;20260520 08:05:07;CONFIRMED;030716282454;1;1;0;COUNTED_ON_SECTOR;4137
FAI000000002855;SWR VL PODIUM FC- 190526;30104;30104_L2;20260520 08:05:07;CONFIRMED;030716282462;1;1;0;COUNTED_ON_SECTOR;6033
FAI000000002855;SWR VL PODIUM FC- 190526;30104;30104_L2;20260520 08:05:07;CONFIRMED;030716724626;1;1;0;COUNTED_ON_SECTOR;4137
FAI000000002855;SWR VL PODIUM FC- 190526;30104;30104_L2;20260520 08:05:07;CONFIRMED;030716940306;2;2;0;COUNTED_ON_SECTOR;6033
FAI000000002855;SWR VL PODIUM FC- 190526;30104;30104_L2;20260520 08:05:07;CONFIRMED;030716940310;1;1;0;COUNTED_ON_SECTOR;6688
FAI000000002855;SWR VL PODIUM FC- 190526;30104;30104_L2;20260520 08:05:07;CONFIRMED;030716940601;1;1;0;COUNTED_ON_SECTOR;3973
FAI000000002855;SWR VL PODIUM FC- 190526;30104;30104_L2;20260520 08:05:07;CONFIRMED;030716940371;5;5;0;COUNTED_ON_SECTOR;6033
FAI000000002855;SWR VL PODIUM FC- 190526;30104;30104_L2;20260520 08:05:07;CONFIRMED;030716940479;2;2;0;COUNTED_ON_SECTOR;6033
FAI000000002855;SWR VL PODIUM FC- 190526;30104;30104_L2;20260520 08:05:07;CONFIRMED;030716940480;1;1;0;COUNTED_ON_SECTOR;4533
FAI000000002855;SWR VL PODIUM FC- 190526;30104;30104_L2;20260520 08:05:07;CONFIRMED;030716940482;1;1;0;COUNTED_ON_SECTOR;6033
FAI000000002855;SWR VL PODIUM FC- 190526;30104;30104_L2;20260520 08:05:07;CONFIRMED;030716940256;1;1;0;COUNTED_ON_SECTOR;4533
FAI000000002855;SWR VL PODIUM FC- 190526;30104;30104_L2;20260520 08:05:07;CONFIRMED;030716940257;2;2;0;COUNTED_ON_SECTOR;4533
FAI000000002855;SWR VL PODIUM FC- 190526;30104;30104_L2;20260520 08:05:07;CONFIRMED;030716940258;1;1;0;COUNTED_ON_SECTOR;6033
FAI000000002855;SWR VL PODIUM FC- 190526;30104;30104_L2;20260520 08:05:07;CONFIRMED;030716940259;1;1;0;COUNTED_ON_SECTOR;6033
FAI000000002855;SWR VL PODIUM FC- 190526;30104;30104_L2;20260520 08:05:07;CONFIRMED;030716940383;3;3;0;COUNTED_ON_SECTOR;4533
FAI000000002855;SWR VL PODIUM FC- 190526;30104;30104_L2;20260520 08:05:07;CONFIRMED;030716940385;1;1;0;COUNTED_ON_SECTOR;4533
FAI000000002855;SWR VL PODIUM FC- 190526;30104;30104_L2;20260520 08:05:07;CONFIRMED;030716940386;2;3;1;COUNTED_ON_SECTOR;4533
FAI000000002855;SWR VL PODIUM FC- 190526;30104;30104_L2;20260520 08:05:07;CONFIRMED;030716940417;1;1;0;COUNTED_ON_SECTOR;6033
FAI000000002855;SWR VL PODIUM FC- 190526;30104;30104_L2;20260520 08:05:07;CONFIRMED;030716940576;1;1;0;COUNTED_ON_SECTOR;6736
FAI000000002855;SWR VL PODIUM FC- 190526;30104;30104_L2;20260520 08:05:07;CONFIRMED;030716940321;2;2;0;COUNTED_ON_SECTOR;4137
FAI000000002855;SWR VL PODIUM FC- 190526;30104;30104_L2;20260520 08:05:07;CONFIRMED;030716940488;1;1;0;COUNTED_ON_SECTOR;6033
FAI000000002855;SWR VL PODIUM FC- 190526;30104;30104_L2;20260520 08:05:07;CONFIRMED;030716940322;1;1;0;COUNTED_ON_SECTOR;4137
FAI000000002855;SWR VL PODIUM FC- 190526;30104;30104_L2;20260520 08:05:07;CONFIRMED;030716898828;100;100;0;COUNTED_WEB;6757
FAI000000002855;SWR VL PODIUM FC- 190526;30104;30104_L2;20260520 08:05:07;CONFIRMED;030716940406;1;1;0;COUNTED_ON_SECTOR;6688
FAI000000002855;SWR VL PODIUM FC- 190526;30104;30104_L2;20260520 08:05:07;CONFIRMED;030717135608;3;3;0;COUNTED_ON_SECTOR;6033
FAI000000002855;SWR VL PODIUM FC- 190526;30104;30104_L2;20260520 08:05:07;CONFIRMED;030717135642;3;3;0;COUNTED_ON_SECTOR;4533
FAI000000002855;SWR VL PODIUM FC- 190526;30104;30104_L2;20260520 08:05:07;CONFIRMED;030717135719;1;1;0;COUNTED_ON_SECTOR;6688
FAI000000002855;SWR VL PODIUM FC- 190526;30104;30104_L2;20260520 08:05:07;CONFIRMED;030717135735;1;1;0;COUNTED_ON_SECTOR;4137
FAI000000002855;SWR VL PODIUM FC- 190526;30104;30104_L2;20260520 08:05:07;CONFIRMED;030717135789;3;3;0;COUNTED_ON_SECTOR;4533
FAI000000002855;SWR VL PODIUM FC- 190526;30104;30104_L2;20260520 08:05:07;CONFIRMED;030717135717;1;1;0;COUNTED_ON_SECTOR;6688
FAI000000002855;SWR VL PODIUM FC- 190526;30104;30104_L2;20260520 08:05:07;CONFIRMED;030717135734;3;3;0;COUNTED_ON_SECTOR;4137
FAI000000002855;SWR VL PODIUM FC- 190526;30104;30104_L2;20260520 08:05:07;CONFIRMED;030717135775;-1;0;1;NOT_COUNT;6033
FAI000000002855;SWR VL PODIUM FC- 190526;30104;30104_L2;20260520 08:05:07;CONFIRMED;030717135812;1;1;0;COUNTED_ON_SECTOR;6668
FAI000000002855;SWR VL PODIUM FC- 190526;30104;30104_L2;20260520 08:05:07;CONFIRMED;030717135819;1;0;-1;NOT_COUNT;4510
FAI000000002855;SWR VL PODIUM FC- 190526;30104;30104_L2;20260520 08:05:07;CONFIRMED;030717135638;2;2;0;COUNTED_ON_SECTOR;4137
FAI000000002855;SWR VL PODIUM FC- 190526;30104;30104_L2;20260520 08:05:07;CONFIRMED;030717135877;1;1;0;COUNTED_ON_SECTOR;6939
FAI000000002855;SWR VL PODIUM FC- 190526;30104;30104_L2;20260520 08:05:07;CONFIRMED;030717135715;1;1;0;COUNTED_ON_SECTOR;4533
FAI000000002855;SWR VL PODIUM FC- 190526;30104;30104_L2;20260520 08:05:07;CONFIRMED;030717135889;1;1;0;COUNTED_ON_SECTOR;3973
FAI000000002855;SWR VL PODIUM FC- 190526;30104;30104_L2;20260520 08:05:07;CONFIRMED;030717135729;1;1;0;COUNTED_ON_SECTOR;4533
FAI000000002855;SWR VL PODIUM FC- 190526;30104;30104_L2;20260520 08:05:07;CONFIRMED;030717135770;2;2;0;COUNTED_ON_SECTOR;6033
FAI000000002855;SWR VL PODIUM FC- 190526;30104;30104_L2;20260520 08:05:07;CONFIRMED;030717135741;1;1;0;COUNTED_ON_SECTOR;6688
FAI000000002855;SWR VL PODIUM FC- 190526;30104;30104_L2;20260520 08:05:07;CONFIRMED;030717135721;1;1;0;COUNTED_ON_SECTOR;4137
FAI000000002855;SWR VL PODIUM FC- 190526;30104;30104_L2;20260520 08:05:07;CONFIRMED;030717135584;1;1;0;COUNTED_ON_SECTOR;6688
FAI000000002855;SWR VL PODIUM FC- 190526;30104;30104_L2;20260520 08:05:07;CONFIRMED;030717135800;1;1;0;COUNTED_ON_SECTOR;6668
FAI000000002855;SWR VL PODIUM FC- 190526;30104;30104_L2;20260520 08:05:07;CONFIRMED;030717135894;1;2;1;COUNTED_ON_SECTOR;3973
FAI000000002855;SWR VL PODIUM FC- 190526;30104;30104_L2;20260520 08:05:07;CONFIRMED;030717135754;1;1;0;COUNTED_ON_SECTOR;6033
FAI000000002855;SWR VL PODIUM FC- 190526;30104;30104_L2;20260520 08:05:07;CONFIRMED;030717135763;2;2;0;COUNTED_ON_SECTOR;4137
FAI000000002855;SWR VL PODIUM FC- 190526;30104;30104_L2;20260520 08:05:07;CONFIRMED;030717135788;2;2;0;COUNTED_ON_SECTOR;4137
FAI000000002855;SWR VL PODIUM FC- 190526;30104;30104_L2;20260520 08:05:07;CONFIRMED;030717135571;2;2;0;COUNTED_ON_SECTOR;6033
FAI000000002855;SWR VL PODIUM FC- 190526;30104;30104_L2;20260520 08:05:07;CONFIRMED;030717135787;2;2;0;COUNTED_ON_SECTOR;6033
FAI000000002855;SWR VL PODIUM FC- 190526;30104;30104_L2;20260520 08:05:07;CONFIRMED;030717344250;1;1;0;COUNTED_ON_SECTOR;4137
FAI000000002855;SWR VL PODIUM FC- 190526;30104;30104_L2;20260520 08:05:07;CONFIRMED;030717344669;1;1;0;COUNTED_ON_SECTOR;6749
FAI000000002855;SWR VL PODIUM FC- 190526;30104;30104_L2;20260520 08:05:07;CONFIRMED;030717344382;1;1;0;COUNTED_ON_SECTOR;6749
FAI000000002855;SWR VL PODIUM FC- 190526;30104;30104_L2;20260520 08:05:07;CONFIRMED;030717344362;2;2;0;COUNTED_ON_SECTOR;4137
FAI000000002855;SWR VL PODIUM FC- 190526;30104;30104_L2;20260520 08:05:07;CONFIRMED;030717344282;1;1;0;COUNTED_ON_SECTOR;4137
FAI000000002855;SWR VL PODIUM FC- 190526;30104;30104_L2;20260520 08:05:07;CONFIRMED;030717344548;1;1;0;COUNTED_ON_SECTOR;6668
FAI000000002855;SWR VL PODIUM FC- 190526;30104;30104_L2;20260520 08:05:07;CONFIRMED;030717344246;2;2;0;COUNTED_ON_SECTOR;4533
FAI000000002855;SWR VL PODIUM FC- 190526;30104;30104_L2;20260520 08:05:07;CONFIRMED;030717344253;2;2;0;COUNTED_ON_SECTOR;4533
FAI000000002855;SWR VL PODIUM FC- 190526;30104;30104_L2;20260520 08:05:07;CONFIRMED;030717344254;1;1;0;COUNTED_ON_SECTOR;6033
FAI000000002855;SWR VL PODIUM FC- 190526;30104;30104_L2;20260520 08:05:07;CONFIRMED;030717344666;3;3;0;COUNTED_ON_SECTOR;4533
FAI000000002855;SWR VL PODIUM FC- 190526;30104;30104_L2;20260520 08:05:07;CONFIRMED;030717344667;1;1;0;COUNTED_ON_SECTOR;6033
FAI000000002855;SWR VL PODIUM FC- 190526;30104;30104_L2;20260520 08:05:07;CONFIRMED;030717344670;1;1;0;COUNTED_ON_SECTOR;6033
FAI000000002855;SWR VL PODIUM FC- 190526;30104;30104_L2;20260520 08:05:07;CONFIRMED;030717344377;1;1;0;COUNTED_ON_SECTOR;4533
FAI000000002855;SWR VL PODIUM FC- 190526;30104;30104_L2;20260520 08:05:07;CONFIRMED;030717344387;3;2;-1;COUNTED_ON_SECTOR;6033
FAI000000002855;SWR VL PODIUM FC- 190526;30104;30104_L2;20260520 08:05:07;CONFIRMED;030717344453;1;1;0;COUNTED_ON_SECTOR;6033
FAI000000002855;SWR VL PODIUM FC- 190526;30104;30104_L2;20260520 08:05:07;CONFIRMED;030717344369;1;1;0;COUNTED_ON_SECTOR;4533
FAI000000002855;SWR VL PODIUM FC- 190526;30104;30104_L2;20260520 08:05:07;CONFIRMED;030717425701;2;2;0;COUNTED_ON_SECTOR;4533
FAI000000002855;SWR VL PODIUM FC- 190526;30104;30104_L2;20260520 08:05:07;CONFIRMED;030717425706;2;2;0;COUNTED_ON_SECTOR;4533
FAI000000002855;SWR VL PODIUM FC- 190526;30104;30104_L2;20260520 08:05:07;CONFIRMED;030717425708;1;1;0;COUNTED_ON_SECTOR;4137
FAI000000002855;SWR VL PODIUM FC- 190526;30104;30104_L2;20260520 08:05:07;CONFIRMED;030717425707;2;2;0;COUNTED_ON_SECTOR;6033
FAI000000002855;SWR VL PODIUM FC- 190526;30104;30104_L2;20260520 08:05:07;CONFIRMED;030717425702;2;2;0;COUNTED_ON_SECTOR;6033
FAI000000002855;SWR VL PODIUM FC- 190526;30104;30104_L2;20260520 08:05:07;CONFIRMED;030717425703;1;1;0;COUNTED_ON_SECTOR;6749
FAI000000002855;SWR VL PODIUM FC- 190526;30104;30104_L2;20260520 08:05:07;CONFIRMED;030717425704;2;2;0;COUNTED_ON_SECTOR;6033
FAI000000002855;SWR VL PODIUM FC- 190526;30104;30104_L2;20260520 08:05:07;CONFIRMED;030717541651;3;3;0;COUNTED_ON_SECTOR;6033
FAI000000002855;SWR VL PODIUM FC- 190526;30104;30104_L2;20260520 08:05:07;CONFIRMED;030717541652;2;2;0;COUNTED_ON_SECTOR;6033
FAI000000002855;SWR VL PODIUM FC- 190526;30104;30104_L2;20260520 08:05:07;CONFIRMED;030717541663;2;2;0;COUNTED_ON_SECTOR;6749
FAI000000002855;SWR VL PODIUM FC- 190526;30104;30104_L2;20260520 08:05:07;CONFIRMED;030717541664;2;2;0;COUNTED_ON_SECTOR;6939
FAI000000002855;SWR VL PODIUM FC- 190526;30104;30104_L2;20260520 08:05:07;CONFIRMED;030717541666;1;1;0;COUNTED_ON_SECTOR;6939
FAI000000002855;SWR VL PODIUM FC- 190526;30104;30104_L2;20260520 08:05:07;CONFIRMED;030717541668;2;2;0;COUNTED_ON_SECTOR;6939
FAI000000002855;SWR VL PODIUM FC- 190526;30104;30104_L2;20260520 08:05:07;CONFIRMED;030717541691;1;1;0;COUNTED_ON_SECTOR;4137
FAI000000002855;SWR VL PODIUM FC- 190526;30104;30104_L2;20260520 08:05:07;CONFIRMED;030717541693;3;3;0;COUNTED_ON_SECTOR;4533
FAI000000002855;SWR VL PODIUM FC- 190526;30104;30104_L2;20260520 08:05:07;CONFIRMED;030717541694;2;2;0;COUNTED_ON_SECTOR;4533
FAI000000002855;SWR VL PODIUM FC- 190526;30104;30104_L2;20260520 08:05:07;CONFIRMED;030717541695;2;2;0;COUNTED_ON_SECTOR;6033
FAI000000002855;SWR VL PODIUM FC- 190526;30104;30104_L2;20260520 08:05:07;CONFIRMED;030717541696;3;3;0;COUNTED_ON_SECTOR;6033
FAI000000002855;SWR VL PODIUM FC- 190526;30104;30104_L2;20260520 08:05:07;CONFIRMED;030717541711;1;1;0;COUNTED_ON_SECTOR;4533
FAI000000002855;SWR VL PODIUM FC- 190526;30104;30104_L2;20260520 08:05:07;CONFIRMED;030717541736;1;1;0;COUNTED_ON_SECTOR;6939
FAI000000002855;SWR VL PODIUM FC- 190526;30104;30104_L2;20260520 08:05:07;CONFIRMED;030717541752;3;3;0;COUNTED_ON_SECTOR;6033
FAI000000002855;SWR VL PODIUM FC- 190526;30104;30104_L2;20260520 08:05:07;CONFIRMED;030717541753;2;2;0;COUNTED_ON_SECTOR;4533
FAI000000002855;SWR VL PODIUM FC- 190526;30104;30104_L2;20260520 08:05:07;CONFIRMED;030717541754;1;1;0;COUNTED_ON_SECTOR;4533
FAI000000002855;SWR VL PODIUM FC- 190526;30104;30104_L2;20260520 08:05:07;CONFIRMED;030717541756;1;1;0;COUNTED_ON_SECTOR;6033
FAI000000002855;SWR VL PODIUM FC- 190526;30104;30104_L2;20260520 08:05:07;CONFIRMED;030717541757;1;1;0;COUNTED_ON_SECTOR;6033
FAI000000002855;SWR VL PODIUM FC- 190526;30104;30104_L2;20260520 08:05:07;CONFIRMED;030717541758;2;2;0;COUNTED_ON_SECTOR;6033
FAI000000002855;SWR VL PODIUM FC- 190526;30104;30104_L2;20260520 08:05:07;CONFIRMED;030717541759;2;2;0;COUNTED_ON_SECTOR;4137
FAI000000002855;SWR VL PODIUM FC- 190526;30104;30104_L2;20260520 08:05:07;CONFIRMED;030717541763;2;2;0;COUNTED_ON_SECTOR;4137
FAI000000002855;SWR VL PODIUM FC- 190526;30104;30104_L2;20260520 08:05:07;CONFIRMED;030717541764;3;3;0;COUNTED_ON_SECTOR;4137
FAI000000002855;SWR VL PODIUM FC- 190526;30104;30104_L2;20260520 08:05:07;CONFIRMED;030717541765;2;1;-1;COUNTED_ON_SECTOR;4137
FAI000000002855;SWR VL PODIUM FC- 190526;30104;30104_L2;20260520 08:05:07;CONFIRMED;030717541766;2;2;0;COUNTED_ON_SECTOR;6033
FAI000000002855;SWR VL PODIUM FC- 190526;30104;30104_L2;20260520 08:05:07;CONFIRMED;030717541767;2;2;0;COUNTED_ON_SECTOR;4533
FAI000000002855;SWR VL PODIUM FC- 190526;30104;30104_L2;20260520 08:05:07;CONFIRMED;030717541768;4;4;0;COUNTED_ON_SECTOR;6033
FAI000000002855;SWR VL PODIUM FC- 190526;30104;30104_L2;20260520 08:05:07;CONFIRMED;030717541508;1;1;0;COUNTED_ON_SECTOR;6033
FAI000000002855;SWR VL PODIUM FC- 190526;30104;30104_L2;20260520 08:05:07;CONFIRMED;030717541516;1;1;0;COUNTED_ON_SECTOR;6688
FAI000000002855;SWR VL PODIUM FC- 190526;30104;30104_L2;20260520 08:05:07;CONFIRMED;030717541523;1;1;0;COUNTED_ON_SECTOR;6033
FAI000000002855;SWR VL PODIUM FC- 190526;30104;30104_L2;20260520 08:05:07;CONFIRMED;030717541524;1;1;0;COUNTED_ON_SECTOR;4137
FAI000000002855;SWR VL PODIUM FC- 190526;30104;30104_L2;20260520 08:05:07;CONFIRMED;030717541527;1;1;0;COUNTED_ON_SECTOR;6033
FAI000000002855;SWR VL PODIUM FC- 190526;30104;30104_L2;20260520 08:05:07;CONFIRMED;030717541528;1;1;0;COUNTED_ON_SECTOR;6033
FAI000000002855;SWR VL PODIUM FC- 190526;30104;30104_L2;20260520 08:05:07;CONFIRMED;030717541529;4;4;0;COUNTED_ON_SECTOR;4533
FAI000000002855;SWR VL PODIUM FC- 190526;30104;30104_L2;20260520 08:05:07;CONFIRMED;030717541530;1;1;0;COUNTED_ON_SECTOR;4533
FAI000000002855;SWR VL PODIUM FC- 190526;30104;30104_L2;20260520 08:05:07;CONFIRMED;030717541531;4;4;0;COUNTED_ON_SECTOR;6033
FAI000000002855;SWR VL PODIUM FC- 190526;30104;30104_L2;20260520 08:05:07;CONFIRMED;030717541533;2;2;0;COUNTED_ON_SECTOR;4137
FAI000000002855;SWR VL PODIUM FC- 190526;30104;30104_L2;20260520 08:05:07;CONFIRMED;030717541555;1;1;0;COUNTED_ON_SECTOR;4533
FAI000000002855;SWR VL PODIUM FC- 190526;30104;30104_L2;20260520 08:05:07;CONFIRMED;030717541557;1;1;0;COUNTED_ON_SECTOR;4533
FAI000000002855;SWR VL PODIUM FC- 190526;30104;30104_L2;20260520 08:05:07;CONFIRMED;030717541561;1;1;0;COUNTED_ON_SECTOR;4137
FAI000000002855;SWR VL PODIUM FC- 190526;30104;30104_L2;20260520 08:05:07;CONFIRMED;030717541570;2;2;0;COUNTED_ON_SECTOR;4137
FAI000000002855;SWR VL PODIUM FC- 190526;30104;30104_L2;20260520 08:05:07;CONFIRMED;030717541571;3;3;0;COUNTED_ON_SECTOR;4137
FAI000000002855;SWR VL PODIUM FC- 190526;30104;30104_L2;20260520 08:05:07;CONFIRMED;030717541574;2;2;0;COUNTED_ON_SECTOR;6033
FAI000000002855;SWR VL PODIUM FC- 190526;30104;30104_L2;20260520 08:05:07;CONFIRMED;030717541575;4;4;0;COUNTED_ON_SECTOR;6033
FAI000000002855;SWR VL PODIUM FC- 190526;30104;30104_L2;20260520 08:05:07;CONFIRMED;030717541576;1;1;0;COUNTED_ON_SECTOR;6033
FAI000000002855;SWR VL PODIUM FC- 190526;30104;30104_L2;20260520 08:05:07;CONFIRMED;030717541577;2;2;0;COUNTED_ON_SECTOR;6033
FAI000000002855;SWR VL PODIUM FC- 190526;30104;30104_L2;20260520 08:05:07;CONFIRMED;030717541578;1;1;0;COUNTED_ON_SECTOR;4533
FAI000000002855;SWR VL PODIUM FC- 190526;30104;30104_L2;20260520 08:05:07;CONFIRMED;030717541579;2;2;0;COUNTED_ON_SECTOR;4533
FAI000000002855;SWR VL PODIUM FC- 190526;30104;30104_L2;20260520 08:05:07;CONFIRMED;030717541774;1;1;0;COUNTED_ON_SECTOR;6749
FAI000000002855;SWR VL PODIUM FC- 190526;30104;30104_L2;20260520 08:05:07;CONFIRMED;030717541794;1;1;0;COUNTED_ON_SECTOR;6668
FAI000000002855;SWR VL PODIUM FC- 190526;30104;30104_L2;20260520 08:05:07;CONFIRMED;030717541799;1;1;0;COUNTED_ON_SECTOR;6668
FAI000000002855;SWR VL PODIUM FC- 190526;30104;30104_L2;20260520 08:05:07;CONFIRMED;030717541800;1;1;0;COUNTED_ON_SECTOR;6668
FAI000000002855;SWR VL PODIUM FC- 190526;30104;30104_L2;20260520 08:05:07;CONFIRMED;030717541801;2;2;0;COUNTED_ON_SECTOR;6668
FAI000000002855;SWR VL PODIUM FC- 190526;30104;30104_L2;20260520 08:05:07;CONFIRMED;030717541868;1;1;0;COUNTED_ON_SECTOR;3973
FAI000000002855;SWR VL PODIUM FC- 190526;30104;30104_L2;20260520 08:05:07;CONFIRMED;030717541869;1;1;0;COUNTED_ON_SECTOR;3973
FAI000000002855;SWR VL PODIUM FC- 190526;30104;30104_L2;20260520 08:05:07;CONFIRMED;030717541873;1;0;-1;NOT_COUNT;3973
FAI000000002855;SWR VL PODIUM FC- 190526;30104;30104_L2;20260520 08:05:07;CONFIRMED;030717541488;1;1;0;COUNTED_ON_SECTOR;4137
FAI000000002855;SWR VL PODIUM FC- 190526;30104;30104_L2;20260520 08:05:07;CONFIRMED;030717541495;2;2;0;COUNTED_ON_SECTOR;6033
FAI000000002855;SWR VL PODIUM FC- 190526;30104;30104_L2;20260520 08:05:07;CONFIRMED;030717541499;1;1;0;COUNTED_ON_SECTOR;6033
FAI000000002855;SWR VL PODIUM FC- 190526;30104;30104_L2;20260520 08:05:07;CONFIRMED;030717541580;1;1;0;COUNTED_ON_SECTOR;4533
FAI000000002855;SWR VL PODIUM FC- 190526;30104;30104_L2;20260520 08:05:07;CONFIRMED;030717541582;2;2;0;COUNTED_ON_SECTOR;4533
FAI000000002855;SWR VL PODIUM FC- 190526;30104;30104_L2;20260520 08:05:07;CONFIRMED;030717541583;4;4;0;COUNTED_ON_SECTOR;4533
FAI000000002855;SWR VL PODIUM FC- 190526;30104;30104_L2;20260520 08:05:07;CONFIRMED;030717541586;1;1;0;COUNTED_ON_SECTOR;4533
FAI000000002855;SWR VL PODIUM FC- 190526;30104;30104_L2;20260520 08:05:07;CONFIRMED;030717541587;2;2;0;COUNTED_ON_SECTOR;4533
FAI000000002855;SWR VL PODIUM FC- 190526;30104;30104_L2;20260520 08:05:07;CONFIRMED;030717541588;2;2;0;COUNTED_ON_SECTOR;4533
FAI000000002855;SWR VL PODIUM FC- 190526;30104;30104_L2;20260520 08:05:07;CONFIRMED;030717541596;2;2;0;COUNTED_ON_SECTOR;6688
FAI000000002855;SWR VL PODIUM FC- 190526;30104;30104_L2;20260520 08:05:07;CONFIRMED;030717541597;1;1;0;COUNTED_ON_SECTOR;6688
FAI000000002855;SWR VL PODIUM FC- 190526;30104;30104_L2;20260520 08:05:07;CONFIRMED;030717541600;1;1;0;COUNTED_ON_SECTOR;6688
FAI000000002855;SWR VL PODIUM FC- 190526;30104;30104_L2;20260520 08:05:07;CONFIRMED;030717541602;1;1;0;COUNTED_ON_SECTOR;6688
FAI000000002855;SWR VL PODIUM FC- 190526;30104;30104_L2;20260520 08:05:07;CONFIRMED;030717541607;2;2;0;COUNTED_ON_SECTOR;4533
FAI000000002855;SWR VL PODIUM FC- 190526;30104;30104_L2;20260520 08:05:07;CONFIRMED;030717541608;2;2;0;COUNTED_ON_SECTOR;6033
FAI000000002855;SWR VL PODIUM FC- 190526;30104;30104_L2;20260520 08:05:07;CONFIRMED;030717541609;2;2;0;COUNTED_ON_SECTOR;4533
FAI000000002855;SWR VL PODIUM FC- 190526;30104;30104_L2;20260520 08:05:07;CONFIRMED;030717541610;1;1;0;COUNTED_ON_SECTOR;4533
FAI000000002855;SWR VL PODIUM FC- 190526;30104;30104_L2;20260520 08:05:07;CONFIRMED;030717541616;1;1;0;COUNTED_ON_SECTOR;6688
FAI000000002855;SWR VL PODIUM FC- 190526;30104;30104_L2;20260520 08:05:07;CONFIRMED;030717541620;1;1;0;COUNTED_ON_SECTOR;6688
FAI000000002855;SWR VL PODIUM FC- 190526;30104;30104_L2;20260520 08:05:07;CONFIRMED;030717541621;2;2;0;COUNTED_ON_SECTOR;6688
FAI000000002855;SWR VL PODIUM FC- 190526;30104;30104_L2;20260520 08:05:07;CONFIRMED;030717541622;1;1;0;COUNTED_ON_SECTOR;6688
FAI000000002855;SWR VL PODIUM FC- 190526;30104;30104_L2;20260520 08:05:07;CONFIRMED;030717541625;2;2;0;COUNTED_ON_SECTOR;6033
FAI000000002855;SWR VL PODIUM FC- 190526;30104;30104_L2;20260520 08:05:07;CONFIRMED;030717541632;2;2;0;COUNTED_ON_SECTOR;4137
FAI000000002855;SWR VL PODIUM FC- 190526;30104;30104_L2;20260520 08:05:07;CONFIRMED;030717541634;3;3;0;COUNTED_ON_SECTOR;4137
FAI000000002855;SWR VL PODIUM FC- 190526;30104;30104_L2;20260520 08:05:07;CONFIRMED;030717541635;1;1;0;COUNTED_ON_SECTOR;4137
FAI000000002855;SWR VL PODIUM FC- 190526;30104;30104_L2;20260520 08:05:07;CONFIRMED;030717541640;1;1;0;COUNTED_ON_SECTOR;6033
FAI000000002855;SWR VL PODIUM FC- 190526;30104;30104_L2;20260520 08:05:07;CONFIRMED;030717541642;2;2;0;COUNTED_ON_SECTOR;4533
FAI000000002855;SWR VL PODIUM FC- 190526;30104;30104_L2;20260520 08:05:07;CONFIRMED;030717541643;1;1;0;COUNTED_ON_SECTOR;4533
FAI000000002855;SWR VL PODIUM FC- 190526;30104;30104_L2;20260520 08:05:07;CONFIRMED;030717541644;2;2;0;COUNTED_ON_SECTOR;4533
FAI000000002855;SWR VL PODIUM FC- 190526;30104;30104_L2;20260520 08:05:07;CONFIRMED;030717541646;1;1;0;COUNTED_ON_SECTOR;4533
FAI000000002855;SWR VL PODIUM FC- 190526;30104;30104_L2;20260520 08:05:07;CONFIRMED;030717541647;2;2;0;COUNTED_ON_SECTOR;4533
FAI000000002855;SWR VL PODIUM FC- 190526;30104;30104_L2;20260520 08:05:07;CONFIRMED;030717541648;2;2;0;COUNTED_ON_SECTOR;6033
FAI000000002855;SWR VL PODIUM FC- 190526;30104;30104_L2;20260520 08:05:07;CONFIRMED;030717678026;3;3;0;COUNTED_WEB;4624
FAI000000002855;SWR VL PODIUM FC- 190526;30104;30104_L2;20260520 08:05:07;CONFIRMED;030717678028;1;1;0;COUNTED_WEB;4624
FAI000000002855;SWR VL PODIUM FC- 190526;30104;30104_L2;20260520 08:05:07;CONFIRMED;030717678033;-4;0;4;NOT_COUNT;6622
