COUNT_ID,DESCRIPTION,STORE_ID,ITEM_ID,DEPARTMENT_ID,CLASS_ID,SUBCLASS_ID,ITEM_DESC,ITEM_SNAPSHOT,UIN,BARCODE,VPN
21683,test swv 08,30062,030716524251,9852,3584,6964,5678671:SPARKLING CHAIN OTHER COCKTAILB SIL/STS,0,,9009656786710,5678671
21683,test swv 08,30062,030715509813,9852,3584,6668,5610490:WATCH ATTRACT PAVE STS WHT STS,0,,9009656104903,5610490
21683,test swv 08,30062,030717541784,9852,3584,6668,5730162:WATCH CRYSTALLINE MB STS PRO WHITE STS PRO,0,,9009657301622,5730162
21683,test swv 08,30062,030717344552,9852,3584,6668,5729722:SJC MILLENIA MB LBLUE LBLUE STS,0,,9009657297222,5729722
21683,test swv 08,30062,030717344563,9852,3584,6668,5715028:SJC MATRIX 3 LINK MB STS SIL STS PRO,0,,9009657150282,5715028
21683,test swv 08,30062,030714455475,9852,3584,6668,5452489:WATCH LOVELY CRYSTALS BANGLE PRO WHT PRO M,0,,9009654524895,5452489
21683,test swv 08,30062,030716524602,9852,3584,6668,5656899:CRYSTALLINE WONDER LS BEI/CRY/PRO,0,,9009656568996,5656899
21683,test swv 08,30062,030717541801,9852,3584,6668,5730369:WATCH SUBLIMA MB STS WHT STS,1,,9009657303695,5730369
21683,test swv 08,30062,030714455476,9852,3584,6668,5452492:WATCH LOVELY CRYSTALS BANGLE STS WHT STS M,0,,9009654524925,5452492
21683,test swv 08,30062,030715509808,9852,3584,6668,5610478:WATCH OCTEA LUX SPORT 39MM PRO BLK PRO,0,,9009656104781,5610478
21683,test swv 08,30062,030714455468,9852,3584,6668,5452465:WATCH CRYSTALLINE GLAM MB PRO WHT PRO,0,,9009654524659,5452465
21683,test swv 08,30062,030717344541,9852,3584,6668,5717543:SJC IMBER OVAL LS ORA WHITE PRO,0,,9009657175438,5717543
21683,test swv 08,30062,030716282610,9852,3584,6964,5663568:SJC SPARKLING WATCH CASE WHI/ROS,0,,9009656635681,5663568
21683,test swv 08,30062,030716940504,9852,3584,6668,5677506:WATCH NOVA CHRONO MB PRO/WHT/PRO,0,,9009656775066,5677506
21683,test swv 08,30062,030716051376,9852,3584,6668,5621173:WATCH MILLENIA JEW WAT CRY//STS,0,,9009656211731,5621173
21683,test swv 08,30062,030716940490,9852,3584,6668,5673013:WATCH CERTA MB PCG/WHT/PCG,0,,9009656730133,5673013
21683,test swv 08,30062,030717541789,9852,3584,6668,5737955:WATCH GEMA MC STS SIL STS,1,,9009657379553,5737955
21683,test swv 08,30062,030716051379,9852,3584,6668,5630834:WATCH MILLENIA JEW WAT PERI//PCG,0,,9009656308349,5630834
21683,test swv 08,30062,030717344554,9852,3584,6668,5729182:SJC MILLENIA MB WHT WHT STS,0,,9009657291824,5729182
21683,test swv 08,30062,030717989803,9852,3584,6668,5744561:WATCHES DEXTERA MB TM STS WHITE STS,0,,9009657445616,5744561
21683,test swv 08,30062,030716940494,9852,3584,6668,5668854:WATCH DEXTERA MC PGO/SILVER/PGO,0,,9009656688540,5668854
21683,test swv 08,30062,030717344679,9852,3584,6668,5705406:SJC MATRIX PEARL MB PRO WHITE PRO,0,,9009657054061,5705406
21683,test swv 08,30062,030714152438,9852,3584,3958,5414429:WATCH OCTEA LUX MB STS WHT STS PRO,0,,9009654144291,5414429
21683,test swv 08,30062,030717541793,9852,3584,6668,5741227:WATCH IMBER MB PRO WHITE PRO,1,,9009657412274,5741227
21683,test swv 08,30062,030717989821,9852,3584,6668,5737038:WATCHES UNA MC STS WHITE STS,0,,9009657370383,5737038
21683,test swv 08,30062,030717541796,9852,3584,6668,5743697:WATCH MATRIX MB PRO BLACK PRO,0,,9009657436973,5743697
21683,test swv 08,30062,030717541779,9852,3584,6668,5742473:WATCH COSMOPOLITAN PAVE MB STS SIL STS PRO,0,,9009657424734,5742473
21683,test swv 08,30062,030717344561,9852,3584,6668,5715026:SJC MATRIX 3 LINK MB PCG SIL PCG,0,,9009657150268,5715026
21683,test swv 08,30062,030714455478,9852,3584,6668,5452498:WATCH OCTEA LUX CHRONO LS GREEN GREEN PRO,0,,9009654524987,5452498
21683,test swv 08,30062,030717989806,9852,3584,6668,5754814:WATCHES IMBER MB PRO GREY PRO,0,,9009657548140,5754814
21683,test swv 08,30062,030713959123,9852,3584,6668,5376830:WATCHES STELLA LS GRY WHT PRO,0,,9009653768306,5376830
21683,test swv 08,30062,030717344557,9852,3584,6668,5730373:SJC DEXTERA OCTAGON LS RED MOP PRO,0,,9009657303732,5730373
21683,test swv 08,30062,030717565703,9852,3584,6668,5732763:WATCH COCKTAIL MC PRO WHITE PRO,0,,9009657327639,5732763
21683,test swv 08,30062,030715509803,9852,3584,6668,5610469:WATCH OCTEA LUX SPORT 37MM PRO ROSE PRO,0,,9009656104699,5610469
21683,test swv 08,30062,030717541802,9852,3584,6668,5742477:WATCH SWA ATTRACT MB FP ROS WHITE ROS,1,,9009657424772,5742477
21683,test swv 08,30062,030716940503,9852,3584,6668,5677500:WATCH NOVA CHRONO MB PCG/WHT/PCG,0,,9009656775004,5677500
21683,test swv 08,30062,030715093769,9852,3584,6668,5544590:WATCH CRYSTALLINE CHIC MB PRO/WHT/PRO,0,,9009655445908,5544590
21683,test swv 08,30062,030714152433,9852,3584,3958,5416017:WATCH CRYSTAL LAKE MB STS WHT STS,0,,9009654160178,5416017
21683,test swv 08,30062,030715509802,9852,3584,6668,5610517:WATCH OCTEA LUX SPORT 37MM PCG WHT PCG,0,,9009656105177,5610517
21683,test swv 08,30062,030716051372,9852,3584,6668,5644075:WATCH CRY AURA CR ROG/CRY/PRO,0,,9009656440759,5644075
21683,test swv 08,30062,030717205659,9852,3584,6668,5729841:MILLENIA MB TOPAZ TOPAZ PCG,0,,9009657298410,5729841
21683,test swv 08,30062,030717135813,9852,3584,6668,5702851:MATRIX CHRONO LS GRAY WHT PCG,1,,9009657028512,5702851
21683,test swv 08,30062,030714152443,9852,3584,3958,5416701:WATCH ERA JOURNEY LS RUBY RUBY PRO,0,,9009654167016,5416701
21683,test swv 08,30062,030717541781,9852,3584,6668,5730146:WATCH CRYSTALLINE LS IVO IVO PRO,0,,9009657301462,5730146
21683,test swv 08,30062,030717989815,9852,3584,6668,5755686:WATCHES MATRIX LS TAUPE TAUPE PRO,0,,9009657556862,5755686
21683,test swv 08,30062,030717989809,9852,3584,6668,5743713:WATCHES MATRIX MB MAUVE MAUVE PCG,0,,9009657437130,5743713
21683,test swv 08,30062,030713561068,9852,3584,6668,5295363:WATCH ERA JOURNEY MB STS MOP STS,0,,9009652953635,5295363
21683,test swv 08,30062,030714455477,9852,3584,6668,5452495:WATCH OCTEA LUX CHRONO LS GRAY GRAY PRO,0,,9009654524956,5452495
21683,test swv 08,30062,030713959134,9852,3584,6668,5377576:WATCHES ETERNAL MB PRO WHT PRO,0,,9009653775762,5377576
21683,test swv 08,30062,030716051374,9852,3584,6668,5642221:WATCH CRYSTALLINE DELIGHT CR ROS/CRY/PRO,0,,9009656422212,5642221
21683,test swv 08,30062,030715974470,9852,3584,6668,5632481:WATCH OCTEA LUX SPORT 37MM GOS/SAPH/PCG,0,,9009656324813,5632481
21683,test swv 08,30062,030716940500,9852,3584,6668,5679890:WATCH MATRIX BANGLE MB PINK/PINK/PRO,0,,9009656798904,5679890
21683,test swv 08,30062,030714882140,9852,3584,6668,5519309:WATCH DREAM ROCK CFR CAL/WHT/STS,0,,9009655193090,5519309
21683,test swv 08,30062,030715093766,9852,3584,6668,5547611:WATCH CRYSTALLINE CHIC MB PCG/GRAY/PCG,0,,9009655476117,5547611
21683,test swv 08,30062,030715093764,9852,3584,6668,5547626:WATCH CRYSTAL FLOWER MC PRO/WHT/PRO,0,,9009655476261,5547626
21683,test swv 08,30062,030714152437,9852,3584,3958,5414419:WATCH OCTEA LUX MB PRO BLK PRO,0,,9009654144192,5414419
21683,test swv 08,30062,030717344545,9852,3584,6668,5715465:SJC HYPERBOLA BANGLE MB PRO WHITE PRO,0,,9009657154655,5715465
21683,test swv 08,30062,030714658476,9852,3584,6668,5470415:WATCH STELLA MC PRO WHT PRO,0,,9009654704150,5470415
21683,test swv 08,30062,030717989802,9852,3584,6668,5749451:WATCHES DEXTERA MB FP STS SIL STS,0,,9009657494515,5749451
21683,test swv 08,30062,030717344555,9852,3584,6668,5728378:SJC DEXTERA TACHYMETRE LS BLA STS,0,,9009657283782,5728378
21683,test swv 08,30062,030716051377,9852,3584,6668,5630831:WATCH MILLENIA JEW WAT LCTO//PCG,0,,9009656308318,5630831
21683,test swv 08,30062,030713959137,9852,3584,6668,5376086:WATCHES CRYSTALLINE PURE LS ROSE WHT PRO,0,,9009653760867,5376086
21683,test swv 08,30062,030714882127,9852,3584,6668,5517803:WATCH COSMOPOLITAN MB PRO/SIL/PRO,0,,9009655178035,5517803
21683,test swv 08,30062,030716724718,9852,3584,6668,5671196:SJC ILLUMINA-MB SILPCG,0,,9009656711965,5671196
21683,test swv 08,30062,030717344546,9852,3584,6668,5715463:SJC HYPERBOLA BANGLE MB STS BLUE STS,0,,9009657154631,5715463
21683,test swv 08,30062,030715093767,9852,3584,6668,5544587:WATCH CRYSTALLINE CHIC MB PRO/BLACK/PRO,0,,9009655445878,5544587
21683,test swv 08,30062,030714455467,9852,3584,6668,5452462:WATCH CRYSTALLINE GLAM MB PCG GRAY PCG,0,,9009654524628,5452462
21683,test swv 08,30062,030717135799,9852,3584,6668,5709814:CRYSTALLINE BANGLE MB BEI CRY PRO,0,,9009657098140,5709814
21683,test swv 08,30062,030717541787,9852,3584,6668,5730208:WATCH DEXTERA LS IVO WHITE PRO,0,,9009657302087,5730208
21683,test swv 08,30062,030715093777,9852,3584,6668,5547710:WATCH UPTOWN LS BLK/BLK/PRO,0,,9009655477107,5547710
21683,test swv 08,30062,030717344556,9852,3584,6668,5715457:SJC DEXTERA MB BLUE BLUE BLUE,0,,9009657154570,5715457
21683,test swv 08,30062,030716282623,9852,3584,6668,5650033:WATCH OCTEA NOVA BLACK/BLACK/PRO,0,,9009656500330,5650033
21683,test swv 08,30062,030716282624,9852,3584,6668,5650005:WATCH OCTEA NOVA EMERA/EMER/PGO,0,,9009656500057,5650005
21683,test swv 08,30062,030716940508,9852,3584,6668,5656952:WATCH SYMBOLICA STAR LS BLACK/SILVER/STS,0,,9009656569528,5656952
21683,test swv 08,30062,030717989800,9852,3584,6668,5749449:WATCHES DEXTERA MB FP PRO SIL PRO,0,,9009657494492,5749449
21683,test swv 08,30062,030716282626,9852,3584,6668,5650011:WATCH OCTEA NOVA ROG/SIL/PRO,0,,9009656500118,5650011
21683,test swv 08,30062,030716524604,9852,3584,6668,5664311:CRYSTALLINE WONDER LS BLACK/JET/PBK,0,,9009656643112,5664311
21683,test swv 08,30062,030717344562,9852,3584,6668,5706182:SJC MATRIX 3 LINK MB STS SIL STS,0,,9009657061823,5706182
21683,test swv 08,30062,030714658468,9852,3584,6668,5484058:WATCH CRYSTAL FROST LS BLK BLK PRO,0,,9009654840582,5484058
21683,test swv 08,30062,030716724707,9852,3584,6668,5672968:SJC CERTA-LS ROSPRO,0,,9009656729687,5672968
21683,test swv 08,30062,030717541799,9852,3584,6668,5734635:WATCH SUBLIMA MB PCG WHITE PCG,0,,9009657346357,5734635
21683,test swv 08,30062,030714455469,9852,3584,6668,5452468:WATCH CRYSTALLINE GLAM MB STS GRAY STS,0,,9009654524680,5452468
21683,test swv 08,30062,030717541776,9852,3584,6668,5740823:WATCH CLARICA MS PGO WHITE PGO,0,,9009657408239,5740823
21683,test swv 08,30062,030717989820,9852,3584,6668,5753309:WATCHES UNA MC PRO WHITE PRO,0,,9009657533092,5753309
21683,test swv 08,30062,030717989819,9852,3584,6668,5750500:WATCHES UNA MC PGO WHITE PGO,0,,9009657505006,5750500
21683,test swv 08,30062,030714455485,9852,3584,6668,5479239:WATCH ERA JOURNEY LS BLU BLU STS,0,,9009654792393,5479239
21683,test swv 08,30062,030717989808,9852,3584,6668,5746221:WATCHES IMBER MB PRO GREEN PRO,0,,9009657462217,5746221
21683,test swv 08,30062,030717541804,9852,3584,6668,5739838:WATCH TEDDY LS PINK WHITE PRO,0,,9009657398387,5739838
21683,test swv 08,30062,030714882120,9852,3584,6668,5519321:WATCH COCKTAIL MC PCG/WHT/PCG,0,,9009655193212,5519321
21683,test swv 08,30062,030717989816,9852,3584,6668,5739632:WATCHES MATRIX MB L BLUE L BLUE STS,0,,9009657396321,5739632
21683,test swv 08,30062,030715671775,9852,3584,6668,5624382:SJC LUCENT JEW WAT YEL/LTOP/ALU,0,,9009656243824,5624382
21683,test swv 08,30062,030713959130,9852,3584,6668,5376071:WATCHES COSMIC ROCK BANGLE MB JET BLK PBK,0,,9009653760713,5376071
21683,test swv 08,30062,030714658465,9852,3584,6668,5484064:WATCH CRYSTAL FROST LS BUR BUR PRO,0,,9009654840643,5484064
21683,test swv 08,30062,030716524601,9852,3584,6668,5656857:CRYSTAL ROCK OVAL MB CRY/BLACK/PRO,0,,9009656568576,5656857
21683,test swv 08,30062,030713959126,9852,3584,6668,5376806:WATCHES STELLA MC PRO GRAY PRO,0,,9009653768061,5376806
21683,test swv 08,30062,030717344550,9852,3584,6668,5732497:SJC MATRIX OCTAGON MS ROS ROS,0,,9009657324973,5732497
21683,test swv 08,30062,030715293544,9852,3584,6668,5580352:WATCH PASSAGE CHRONO LS ROSE/ROSE MOP/PRO,0,,9009655803524,5580352
21683,test swv 08,30062,030717135809,9852,3584,6668,5690804:OCTEA CHRONO LS PUR PUR PRO,0,,9009656908044,5690804
21683,test swv 08,30062,030717541788,9852,3584,6668,5749569:WATCH GEMA MC MUL SIL PGO,0,,9009657495697,5749569
21683,test swv 08,30062,030717989810,9852,3584,6668,5745534:WATCHES MATRIX MB PGO WHT PGO,0,,9009657455349,5745534
21683,test swv 08,30062,030713561067,9852,3584,6668,5295366:WATCH ERA JOURNEY MB PRO GRAY PRO,0,,9009652953666,5295366
21683,test swv 08,30062,030715293535,9852,3584,6668,5580530:WATCH CRYSTALLINE CRS DLT MB PRO/BLK/PRO,0,,9009655805306,5580530
21683,test swv 08,30062,030715671772,9852,3584,6668,5624379:SJC LUCENT JEW WAT GRNLI/PERID/ALU,0,,9009656243794,5624379
21683,test swv 08,30062,030714658473,9852,3584,6668,5484373:WATCH DUO LS BLK BLK PRO,0,,9009654843736,5484373
21683,test swv 08,30062,030715093772,9852,3584,6668,5547629:WATCH CRYSTALLINE SPORTY LS BLU/BLU/STS,0,,9009655476292,5547629
21683,test swv 08,30062,030713561065,9852,3584,6668,5295369:WATCH ERA JOURNEY LS WHT WHT PRO,0,,9009652953697,5295369
21683,test swv 08,30062,030716524603,9852,3584,6668,5653359:CRYSTALLINE WONDER LS BLACK/CRY/PRO,0,,9009656533598,5653359
21683,test swv 08,30062,030717344558,9852,3584,6668,5715517:SJC DEXTERA OCTAGON MB PRO WHITE PRO,0,,9009657155171,5715517
21683,test swv 08,30062,030717541803,9852,3584,6668,5742479:WATCH SWA ATTRACT MB FP STS WHITE STS,2,,9009657424796,5742479
21683,test swv 08,30062,030713959127,9852,3584,6668,5376815:WATCHES STELLA MC STS WHT STS,0,,9009653768153,5376815
21683,test swv 08,30062,030715671774,9852,3584,6668,5624376:SJC LUCENT JEW WAT VIOL/PUR/ALU,0,,9009656243763,5624376
21683,test swv 08,30062,030715293538,9852,3584,6668,5580533:WATCH CRYSTALLINE CRS DLT MB STS/BLU/STS,0,,9009655805337,5580533
21683,test swv 08,30062,030718020307,9852,3584,6668,5759698:WATCH COCKTAIL MC PGO WHT PGO,0,,9009657596981,5759698
21683,test swv 08,30062,030717344540,9852,3584,6668,5717539:SJC IMBER OVAL LS LBLUE WHITE PCG,0,,9009657175391,5717539
21683,test swv 08,30062,030714882122,9852,3584,6668,5519327:WATCH COCKTAIL MC PRO/WHT/PRO,0,,9009655193274,5519327
21683,test swv 08,30062,030717135804,9852,3584,6668,5708030:DEXTERA ASYM MB PGO WHT PGO,0,,9009657080305,5708030
21683,test swv 08,30062,030714455470,9852,3584,6668,5455108:WATCH CRYSTALLINE GLAM MB STS WHT STS,0,,9009654551082,5455108
21683,test swv 08,30062,030714882126,9852,3584,6668,5517800:WATCH COSMOPOLITAN MB PRO/PEACH/PRO,0,,9009655178004,5517800
21683,test swv 08,30062,030715671771,9852,3584,6668,5624385:SJC LUCENT JEW WAT AQBLU/AQUA/ALU,0,,9009656243855,5624385
21683,test swv 08,30062,030713959122,9852,3584,6668,5376839:WATCHES STELLA LS BUR BUR PRO,0,,9009653768399,5376839
21683,test swv 08,30062,030717541800,9852,3584,6668,5734633:WATCH SUBLIMA MB PRO WHITE PRO,1,,9009657346333,5734633
21683,test swv 08,30062,030717135974,9852,3584,6668,5721561:CERTA MS PRO WHITE PRO,0,,9009657215615,5721561
21683,test swv 08,30062,030717135815,9852,3584,6668,5702849:MATRIX CHRONO LS TAUPE WHT PRO,1,,9009657028499,5702849
21683,test swv 08,30062,030716282618,9852,3584,6668,5641294:WATCH DEXTERA MB 37 ROG/BLACK/ROS,0,,9009656412947,5641294
21683,test swv 08,30062,030716724715,9852,3584,6668,5672992:SJC DEXTERA BANGLE-MB ROGPRO,0,,9009656729922,5672992
21683,test swv 08,30062,030715293541,9852,3584,6668,5580342:WATCH PASSAGE CHRONO LS BLU/BLU/STS,0,,9009655803425,5580342
21683,test swv 08,30062,030715093779,9852,3584,6668,5547716:WATCH UPTOWN LS GRAY/GRAY/PRO,0,,9009655477169,5547716
21683,test swv 08,30062,030717541792,9852,3584,6668,5705419:WATCH IMBER MB STS WHITE STS,0,,9009657054191,5705419
21683,test swv 08,30062,030716524252,9852,3584,6964,5678675:SPARKLING PRINCESS OTHER V3 BLA/PBK,0,,9009656786758,5678675
21683,test swv 08,30062,030717989817,9852,3584,6668,5754536:WATCHES MATRIX LS IVO MOP PRO,0,,9009657545361,5754536
21683,test swv 08,30062,030714152435,9852,3584,3958,5414413:WATCH OCTEA LUX LS BLU BLU PRO,0,,9009654144130,5414413
21683,test swv 08,30062,030717344548,9852,3584,6668,5724516:SJC MATRIX OCTAGON MB STS WHITE STS,0,,9009657245162,5724516
21683,test swv 08,30062,030714882128,9852,3584,6668,5517790:WATCH COSMOPOLITAN MB STS/BLU/STS,0,,9009655177908,5517790
21683,test swv 08,30062,030717135884,9852,3584,6964,5725786:SPARKLING PRINCESS PRO PRO,0,,9009657257868,5725786
21683,test swv 08,30062,030716524607,9852,3584,6668,5656929:CRYSTALLINE WONDER MB SIL/CRY/STS,0,,9009656569290,5656929
21683,test swv 08,30062,030717135807,9852,3584,6668,5690811:MATRIX BANGLE MB RED RED PRO,0,,9009656908112,5690811
21683,test swv 08,30062,030715509809,9852,3584,6668,5610520:WATCH OCTEA LUX SPORT 39MM STS BLK STS,0,,9009656105207,5610520
21683,test swv 08,30062,030717135812,9852,3584,6668,5693634:IMBER W MB STS WHT STS,1,,9009656936344,5693634
21683,test swv 08,30062,030714882121,9852,3584,6668,5519324:WATCH COCKTAIL MC PRO/BLK/PRO,0,,9009655193243,5519324
21683,test swv 08,30062,030716940506,9852,3584,6668,5677494:WATCH OCTEA MOON LS BLUE/BLUE/STS,0,,9009656774946,5677494
21683,test swv 08,30062,030717565704,9852,3584,6668,5732765:WATCH COCKTAIL MC STS WHITE STS,0,,9009657327653,5732765
21683,test swv 08,30062,030714658470,9852,3584,6668,5484379:WATCH DUO LS BUR BUR PRO,0,,9009654843798,5484379
21683,test swv 08,30062,030716524250,9852,3584,6964,5678677:SPARKLING CHAIN OTHER BLA/PBK,0,,9009656786772,5678677
21683,test swv 08,30062,030717541795,9852,3584,6668,5730172:WATCH MATRIX MB STS LBLUE STS,0,,9009657301721,5730172
21683,test swv 08,30062,030714882124,9852,3584,6668,5517794:WATCH COSMOPOLITAN MB PCG/SIL/PCG,0,,9009655177946,5517794
21683,test swv 08,30062,030715692597,9852,3584,6964,5599697:WATCH SPARKLING OTHER CASE GOS CRY GOS,0,,9009655996974,5599697
21683,test swv 08,30062,030713561075,9852,3584,6668,5295358:WATCH OCTEA NOVA LS BLK BLK PRO,0,,9009652953581,5295358
21683,test swv 08,30062,030714882129,9852,3584,6668,5517807:WATCH COSMOPOLITAN MB STS/SIL/STS,0,,9009655178073,5517807
21683,test swv 08,30062,030716940507,9852,3584,6668,5677497:WATCH OCTEA MOON MB PBK/BLACK/PBK,0,,9009656774977,5677497
21683,test swv 08,30062,030716724722,9852,3584,6668,5671150:SJC OCTEA CHRONO-LS IVOPRO,0,,9009656711507,5671150
21683,test swv 08,30062,030715509810,9852,3584,6668,5610481:WATCH OCTEA LUX SPORT 39MM STS BLUE STS,0,,9009656104811,5610481
21683,test swv 08,30062,030716524600,9852,3584,6668,5656822:CRYSTAL ROCK OVAL MB BLU/BLU/PRO,0,,9009656568224,5656822
21683,test swv 08,30062,030716282622,9852,3584,6668,5649999:WATCH OCTEA NOVA BEI/BEI/PRO,0,,9009656499993,5649999
21683,test swv 08,30062,030717989799,9852,3584,6668,5749453:WATCHES DEXTERA MB FP PGO SIL PGO,0,,9009657494539,5749453
21683,test swv 08,30062,030717541782,9852,3584,6668,5730150:WATCH CRYSTALLINE LS PINK PINK PRO,0,,9009657301509,5730150
21683,test swv 08,30062,030716282625,9852,3584,6668,5649993:WATCH OCTEA NOVA GOS/GOS/PGO,0,,9009656499931,5649993
21683,test swv 08,30062,030716724708,9852,3584,6668,5672981:SJC CERTA-MB ROGPRO,0,,9009656729816,5672981
21683,test swv 08,30062,030717541797,9852,3584,6668,5743680:WATCH MATRIX MB STS WHITE STS,0,,9009657436805,5743680
21683,test swv 08,30062,030716524598,9852,3584,6668,5656851:CRYSTAL ROCK OVAL MB CRY/WHITE/PRO,0,,9009656568514,5656851
21683,test swv 08,30062,030717989874,9852,3584,6964,5755227:SJC JOY GREEN CLEAR,0,,9009657552277,5755227
21683,test swv 08,30062,030714152427,9852,3584,3958,5416006:WATCH CRYSTAL LAKE LS BLU BLU STS,0,,9009654160062,5416006
21683,test swv 08,30062,030716051373,9852,3584,6668,5642218:WATCH CRYSTALLINE DELIGHT CR GRY/CRY/PRO,0,,9009656422182,5642218
21683,test swv 08,30062,030716724721,9852,3584,6668,5671153:SJC OCTEA CHRONO-LS GRYPRO,0,,9009656711538,5671153
21683,test swv 08,30062,030715509804,9852,3584,6668,5612194:WATCH OCTEA LUX SPORT 37MM PRO WHT PRO,0,,9009656121948,5612194
21683,test swv 08,30062,030714882136,9852,3584,6668,5519462:WATCH CRYSTALLINE AURA MB STS/WHT/STS,0,,9009655194622,5519462
21683,test swv 08,30062,030717989805,9852,3584,6668,5754812:WATCHES IMBER MB PGO WHITE PGO,0,,9009657548126,5754812
21683,test swv 08,30062,030717541778,9852,3584,6668,5755660:WATCH COSMOPOLITAN MB STS SIL STS PGO,0,,9009657556602,5755660
21683,test swv 08,30062,030714455480,9852,3584,6668,5452504:WATCH OCTEA LUX CHRONO MB STS BLK STS,0,,9009654525045,5452504
21683,test swv 08,30062,030717344542,9852,3584,6668,5717532:SJC IMBER OVAL MB PRO WHITE PRO,1,,9009657175322,5717532
21683,test swv 08,30062,030713959139,9852,3584,6668,5376077:WATCHES CRYSTALLINE PURE MB PCG GRY PCG,0,,9009653760775,5376077
21683,test swv 08,30062,030717541783,9852,3584,6668,5730140:WATCH CRYSTALLINE MB PRO WHITE PRO,0,,9009657301400,5730140
21683,test swv 08,30062,030717135818,9852,3584,6668,5710103:MATRIX TENNIS LS WHT WHT PCG,0,,9009657101031,5710103
21683,test swv 08,30062,030716724709,9852,3584,6668,5672971:SJC CERTA-MB SILPRO,0,,9009656729717,5672971
21683,test swv 08,30062,030717989814,9852,3584,6668,5746375:WATCHES MATRIX LS RED WHITE PRO,0,,9009657463757,5746375
21683,test swv 08,30062,030717541794,9852,3584,6668,5741229:WATCH IMBER MB STS WHITE STS,0,,9009657412298,5741229
21683,test swv 08,30062,030714658464,9852,3584,6668,5484061:WATCH CRYSTAL FROST LS BLU BLU PRO,0,,9009654840612,5484061
21683,test swv 08,30062,030714152426,9852,3584,3958,5416009:WATCH CRYSTAL LAKE LS BLK DGRAY PRO,0,,9009654160093,5416009
21683,test swv 08,30062,030717344549,9852,3584,6668,5732501:SJC MATRIX OCTAGON MS PCG PCG,0,,9009657325017,5732501
21683,test swv 08,30062,030717989804,9852,3584,6668,5754534:WATCHES HYPERBOLA MB PGO WHITE PGO,0,,9009657545347,5754534
21683,test swv 08,30062,030715509811,9852,3584,6668,5610484:WATCH ATTRACT PAVE PCG WHT PCG,0,,9009656104842,5610484
21683,test swv 08,30062,030714658460,9852,3584,6668,5484073:WATCH CRYSTAL ROSE MB PRO WHT PRO,0,,9009654840735,5484073
21683,test swv 08,30062,030717541798,9852,3584,6668,5730194:WATCH OCTEA MB PCG WHITE PCG,0,,9009657301943,5730194
21683,test swv 08,30062,030714882134,9852,3584,6668,5519456:WATCH CRYSTALLINE AURA MB PCG/WHT/PCG,0,,9009655194561,5519456
21683,test swv 08,30062,030716051369,9852,3584,6668,5647452:WATCH COSMOPOLITAN PAVE BLU/BLU/PBL,0,,9009656474525,5647452
21683,test swv 08,30062,030717344544,9852,3584,6668,5717588:SJC DEXTERA MB PINK PINK PRO,0,,9009657175889,5717588
21683,test swv 08,30062,030716051371,9852,3584,6668,5644078:WATCH CRY AURA CR GRETC/CRY/PRO,0,,9009656440780,5644078
21683,test swv 08,30062,030717135973,9852,3584,6668,5721560:CERTA MS PBK BLACK PBK,0,,9009657215608,5721560
21683,test swv 08,30062,030716524605,9852,3584,6668,5656893:CRYSTALLINE WONDER LS GRETC/CRY/PGO,0,,9009656568934,5656893
21683,test swv 08,30062,030717541785,9852,3584,6668,5715447:WATCH DEXTERA MB PGO SILVER PGO,0,,9009657154471,5715447
21683,test swv 08,30062,030714658459,9852,3584,6668,5484045:WATCH CRYSTAL ROSE MB PCG GRAY PCG,0,,9009654840452,5484045
21683,test swv 08,30062,030717135811,9852,3584,6668,5713883:IMBER W MB PRO WHT PRO,0,,9009657138839,5713883
21683,test swv 08,30062,030717989818,9852,3584,6668,5743701:WATCHES OCTEA MB BLUE BLUE PRO,0,,9009657437017,5743701
21683,test swv 08,30062,030714455466,9852,3584,6668,5452459:WATCH CRYSTALLINE GLAM LS WHT WHT PRO,0,,9009654524598,5452459
21683,test swv 08,30062,030717135808,9852,3584,6668,5722364:MILLENIA MB MAUVE MAUVE PCG,0,,9009657223641,5722364
21683,test swv 08,30062,030715093778,9852,3584,6668,5547713:WATCH UPTOWN LS BLU/BLU/STS,0,,9009655477138,5547713
21683,test swv 08,30062,030716051370,9852,3584,6668,5644081:WATCH COSMOPOLITAN PAVE SIL/CRY/PRO,0,,9009656440810,5644081
21683,test swv 08,30062,030715509806,9852,3584,6668,5610472:WATCH OCTEA LUX SPORT 39MM BLK BLK BLK,0,,9009656104729,5610472
21683,test swv 08,30062,030716940501,9852,3584,6668,5677484:WATCH MATRIX BANGLE MB PRO/WHT/PRO,1,,9009656774847,5677484
21683,test swv 08,30062,030716282627,9852,3584,6668,5650030:WATCH OCTEA NOVA ROS/ROS/PRO,0,,9009656500309,5650030
21683,test swv 08,30062,030718020306,9852,3584,6668,5759562:WATCH CERTA MS PGO WHT PGO,0,,9009657595625,5759562
21683,test swv 08,30062,030714882132,9852,3584,6668,5519450:WATCH CRYSTALLINE AURA LS GRAY/WHT/PRO,0,,9009655194509,5519450
21683,test swv 08,30062,030715293540,9852,3584,6668,5580600:WATCH OCTEA LUX CHRONO LS BLU/BLU/STS,0,,9009655806006,5580600
21683,test swv 08,30062,030716940497,9852,3584,6668,5668845:WATCH DEXTERA LUX MB STS/SILVER/STS,0,,9009656688458,5668845
21683,test swv 08,30062,030716724719,9852,3584,6668,5671205:SJC ILLUMINA-MB SILSTS,0,,9009656712054,5671205
21683,test swv 08,30062,030716724723,9852,3584,6668,5672937:SJC OCTEA CHRONO-MB SILSTS PRO,0,,9009656729373,5672937
21683,test swv 08,30062,030716282613,9852,3584,6668,5649987:WATCH ATTRACT ROG/WHITE/STS,0,,9009656499870,5649987
21683,test swv 08,30062,030716940499,9852,3584,6668,5679887:WATCH MATRIX BANGLE MB GRAY/GRAY/PRO,0,,9009656798874,5679887
21683,test swv 08,30062,030714658467,9852,3584,6668,5484070:WATCH CRYSTAL FROST LS WHT WHT STS,0,,9009654840704,5484070
21683,test swv 08,30062,030717135817,9852,3584,6668,5710105:MATRIX TENNIS LS GRAY WHT PRO,0,,9009657101055,5710105
21683,test swv 08,30062,030717344560,9852,3584,6668,5698690:SJC DEXTERA OCTAGON MB STS WHITE STS,0,,9009656986905,5698690
21683,test swv 08,30062,030716524599,9852,3584,6668,5656881:CRYSTAL ROCK OVAL MB SIL/CRY/STS,0,,9009656568811,5656881
21683,test swv 08,30062,030714152430,9852,3584,3958,5416026:WATCH CRYSTAL LAKE MB PCG DGRAY PCG,0,,9009654160260,5416026
21683,test swv 08,30062,030716051375,9852,3584,6668,5630840:WATCH MILLENIA JEW WAT AQUA//STS,0,,9009656308400,5630840
21683,test swv 08,30062,030716940493,9852,3584,6668,5711695:WATCH CRYSTAL ROCK OVAL MB METSI/GRAY/PRO,0,,9009657116950,5711695
21683,test swv 08,30062,030716282617,9852,3584,6668,5635450:WATCH DEXTERA MB 37 GOS/SIL/GOS,0,,9009656354506,5635450
21683,test swv 08,30062,030715293543,9852,3584,6668,5580348:WATCH PASSAGE CHRONO LS GRAY/GRAY MOP/PRO,0,,9009655803487,5580348
21683,test swv 08,30062,030716724714,9852,3584,6668,5672987:SJC DEXTERA BANGLE-MB GOSPCG,0,,9009656729878,5672987
21683,test swv 08,30062,030716940615,9852,3584,6668,5653347:WATCH ATTRACT MB CRY/WHITE/PRO,0,,9009656533475,5653347
21683,test swv 08,30062,030717135806,9852,3584,6668,5690808:MATRIX BANGLE MB GRE GRE PCG,0,,9009656908082,5690808
21683,test swv 08,30062,030717565705,9852,3584,6668,5757990:WATCH COSMOPOLITAN PAVE MB STS BLUE STS,0,,9009657579908,5757990
21683,test swv 08,30062,030716724710,9852,3584,6668,5673022:SJC CERTA-MB SILSTS,0,,9009656730225,5673022
21683,test swv 08,30062,030714152440,9852,3584,3958,5430424:WATCH OCTEA NOVA MB PRO BLK PRO,0,,9009654304244,5430424
21683,test swv 08,30062,030717135883,9852,3584,6964,5725785:SPARKLING CHAIN PRO PRO,0,,9009657257851,5725785
21683,test swv 08,30062,030715974471,9852,3584,6668,5632472:WATCH OCTEA LUX SPORT 37MM GOS/LCTO/PGO,0,,9009656324721,5632472
21683,test swv 08,30062,030717284326,9852,3584,6668,5729843:MILLENIA MB LROS LROS PRO,0,,9009657298434,5729843
21683,test swv 08,30062,030717135801,9852,3584,6668,5689324:CRYSTALLINE BANGLE MB WHI CRY PRO,0,,9009656893241,5689324
21683,test swv 08,30062,030716051378,9852,3584,6668,5630837:WATCH MILLENIA JEW WAT LROS//PRO,0,,9009656308370,5630837
21683,test swv 08,30062,030716724713,9852,3584,6668,5668887:SJC CRYSTALLINE LUSTRE-LS WHITECRYSTS,0,,9009656688878,5668887
21683,test swv 08,30062,030717135803,9852,3584,6668,5724515:CURIOSA BANGLE WATCH MB STS WHT STS,0,,9009657245155,5724515
21683,test swv 08,30062,030715671773,9852,3584,6668,5624373:SJC LUCENT JEW WAT PIN/ROSE/ALU,0,,9009656243732,5624373
21683,test swv 08,30062,030715293539,9852,3584,6668,5580537:WATCH CRYSTALLINE CRS DLT MB STS/WHT/STS,0,,9009655805375,5580537
21683,test swv 08,30062,030716524597,9852,3584,6668,5656878:CRYSTAL ROCK OVAL MB CRY/WHITE/STS,0,,9009656568781,5656878
21683,test swv 08,30062,030714455464,9852,3584,6668,5452452:WATCH CRYSTALLINE GLAM LS BLK BLK PRO,0,,9009654524529,5452452
21683,test swv 08,30062,030715093761,9852,3584,6668,5552424:WATCH CRYSTAL FLOWER LS GRY/GRY/PRO,0,,9009655524245,5552424
21683,test swv 08,30062,030715093765,9852,3584,6668,5547622:WATCH CRYSTAL FLOWER MC STS/WHT/STS,0,,9009655476223,5547622
21683,test swv 08,30062,030714882125,9852,3584,6668,5517797:WATCH COSMOPOLITAN MB PRO/BLK/PRO,0,,9009655177977,5517797
21683,test swv 08,30062,030715093760,9852,3584,6668,5552421:WATCH CRYSTAL FLOWER LS BLK/BLK/PRO,0,,9009655524214,5552421
21683,test swv 08,30062,030715093758,9852,3584,6668,5547617:WATCH COCKTAIL MC STS/WHT/STS FP,0,,9009655476179,5547617
21683,test swv 08,30062,030716282621,9852,3584,6668,5641297:WATCH DEXTERA MB 39 SIL/SIL/STS,0,,9009656412978,5641297
21683,test swv 08,30062,030717541777,9852,3584,6668,5740971:WATCH CLARICA MS STS WHITE STS,0,,9009657409717,5740971
21683,test swv 08,30062,030717344559,9852,3584,6668,5715521:SJC DEXTERA OCTAGON MB STS PRO WHITE STS,1,,9009657155218,5715521
21683,test swv 08,30062,030717541791,9852,3584,6668,5716108:WATCH IMBER MB PCG WHITE PCG,0,,9009657161080,5716108
21683,test swv 08,30062,030715093768,9852,3584,6668,5547608:WATCH CRYSTALLINE CHIC MB PRO/RED/PRO,0,,9009655476087,5547608
21683,test swv 08,30062,030713959135,9852,3584,6668,5377545:WATCHES ETERNAL MB STS WHT STS,0,,9009653775458,5377545
21683,test swv 08,30062,030715293537,9852,3584,6668,5580541:WATCH CRYSTALLINE CRS DLT MB PRO/WHT/PRO,0,,9009655805412,5580541
21683,test swv 08,30062,030714658462,9852,3584,6668,5483853:WATCH CRYSTAL ROSE MB STS WHT STS,0,,9009654838534,5483853
21683,test swv 08,30062,030714882131,9852,3584,6668,5519447:WATCH CRYSTALLINE AURA LS BLU/BLU/PRO,0,,9009655194479,5519447
21683,test swv 08,30062,030716724717,9852,3584,6668,5671202:SJC ILLUMINA-MB ROGPRO,0,,9009656712023,5671202
21683,test swv 08,30062,030714882135,9852,3584,6668,5519459:WATCH CRYSTALLINE AURA MB PRO/WHT/PRO,0,,9009655194592,5519459
21683,test swv 08,30062,030715509807,9852,3584,6668,5610475:WATCH OCTEA LUX SPORT 39MM BLUE BLUE BLUE,0,,9009656104750,5610475
21683,test swv 08,30062,030715093770,9852,3584,6668,5544583:WATCH CRYSTALLINE CHIC MB STS/WHT/STS,0,,9009655445830,5544583
21683,test swv 08,30062,030715692596,9852,3584,6964,5599698:WATCH SPARKLING OTHER CASE 40 BLACK CRY,0,,9009655996981,5599698
21683,test swv 08,30062,030713561051,9852,3584,6668,5295380:WATCH CRYSTALLINE HOURS Q LS RED SIAM PRO,0,,9009652953802,5295380
21683,test swv 08,30062,030716051368,9852,3584,6668,5644072:WATCH CEX COSMOPOLITAN PAVE SIL/CRY/STS PGO,0,,9009656440728,5644072
21683,test swv 08,30062,030716524253,9852,3584,6964,5672167:SPARKLING PRINCESS OTHER V3 SIL/STS,0,,9009656721674,5672167
21683,test swv 08,30062,030717541790,9852,3584,6668,5741519:WATCH IDYLLIA MC PGO PINK PGO,0,,9009657415190,5741519
21683,test swv 08,30062,030716524608,9852,3584,6668,5656911:CRYSTALLINE WONDER MB ROG/CRY/PRO,0,,9009656569115,5656911
21683,test swv 08,30062,030717989812,9852,3584,6668,5734663:WATCHES MATRIX MB STS WHITE STS PRO,0,,9009657346630,5734663
21683,test swv 08,30062,030715974473,9852,3584,6668,5632260:WATCH OCTEA LUX CHRONO LS BRO/LCTO/PGO,0,,9009656322604,5632260
21683,test swv 08,30062,030716940492,9852,3584,6668,5672998:WATCH CERTA MB STS/WHT/STS,0,,9009656729984,5672998
21683,test swv 08,30062,030716282609,9852,3584,6964,5663567:SJC SPARKLING WATCH CASE WHI/RHS,0,,9009656635674,5663567
21683,test swv 08,30062,030717989807,9852,3584,6668,5740826:WATCHES IMBER MB STS WHITE STS,0,,9009657408260,5740826
21683,test swv 08,30062,030717989872,9852,3584,6964,5755228:SJC JOY BLACK JET,0,,9009657552284,5755228
21683,test swv 08,30062,030716282612,9852,3584,6668,5644062:WATCH ATTRACT FP SIL/WHITE/STS,0,,9009656440629,5644062
21683,test swv 08,30062,030715093759,9852,3584,6668,5547646:WATCH COSMOPOLITAN MB BLK/BLK/PBK,0,,9009655476469,5547646
21683,test swv 08,30062,030714455474,9852,3584,6668,5452486:WATCH LOVELY CRYSTALS BANGLE BIC WHT PRO M,0,,9009654524864,5452486
21683,test swv 08,30062,030717565706,9852,3584,6668,5742481:WATCH SWA ATTRACT PAVE MB PCG WHT PCG,0,,9009657424819,5742481
21683,test swv 08,30062,030717135802,9852,3584,6668,5681733:CRYSTALLINE LUSTRE LS BLUE BLUE STS,0,,9009656817339,5681733
21683,test swv 08,30062,030717989811,9852,3584,6668,5734659:WATCHES MATRIX MB PRO WHITE PRO,0,,9009657346593,5734659
21683,test swv 08,30062,030717541786,9852,3584,6668,5730184:WATCH DEXTERA LS BROWN WHITE PRO,1,,9009657301844,5730184
21683,test swv 08,30062,030716940502,9852,3584,6668,5677487:WATCH MATRIX BANGLE MB STS/WHT/STS,0,,9009656774878,5677487
21683,test swv 08,30062,030714658471,9852,3584,6668,5484382:WATCH DUO LS GRAY GRAY PCG,0,,9009654843828,5484382
21683,test swv 08,30062,030717135805,9852,3584,6668,5700996:DEXTERA ASYM MB STS WHT STS,0,,9009657009962,5700996
21683,test swv 08,30062,030717135810,9852,3584,6668,5718169:IMBER W MB PGO WHT PGO,0,,9009657181699,5718169
21683,test swv 08,30062,030717344551,9852,3584,6668,5732498:SJC MATRIX OCTAGON MS STS STS,3,,9009657324980,5732498
21683,test swv 08,30062,030717344547,9852,3584,6668,5689432:SJC HYPERBOLA BANGLE MB STS WHITE STS,1,,9009656894323,5689432
21683,test swv 08,30062,030714658466,9852,3584,6668,5484067:WATCH CRYSTAL FROST LS GRAY GRAY PRO,0,,9009654840674,5484067
21683,test swv 08,30062,030717135816,9852,3584,6668,5706663:MATRIX TENNIS LS BLACK WHT STS,0,,9009657066637,5706663
21683,test swv 08,30062,030716282619,9852,3584,6668,5634648:WATCH DEXTERA MB 37 SIL/SIL/STS,0,,9009656346488,5634648
21683,test swv 08,30062,030716282611,9852,3584,6668,5644053:WATCH ATTRACT FP ROG/WHITE/ROS,0,,9009656440537,5644053
21683,test swv 08,30062,030717541780,9852,3584,6668,5742475:WATCH COSMOPOLITAN PAVE MB STS SILVER STS,0,,9009657424758,5742475
21683,test swv 08,30062,030714455484,9852,3584,6668,5480507:WATCH CRYSTALLINE OVAL MB PRO DGRY PRO,0,,9009654805079,5480507
21683,test swv 08,30062,030715293655,9852,3584,6668,5547614:WATCH COCKTAIL MC PRO/WHT/PRO FP,0,,9009655476148,5547614
21683,test swv 08,30062,030717989873,9852,3584,6964,5755223:SJC JOY GRAY CLEAR,0,,9009657552239,5755223
21683,test swv 08,30062,030716724720,9852,3584,6668,5672931:SJC OCTEA CHRONO-LS GREPRO,0,,9009656729311,5672931
21683,test swv 08,30062,030715093773,9852,3584,6668,5547976:WATCH CRYSTALLINE SPORTY LS GRAY/GRAY/PCG,0,,9009655479767,5547976
21683,test swv 08,30062,030716940496,9852,3584,6668,5711710:WATCH DEXTERA MB PCG/WHITE/PCG,0,,9009657117100,5711710
21683,test swv 08,30062,030715509812,9852,3584,6668,5610487:WATCH ATTRACT PAVE PRO WHT PRO,0,,9009656104873,5610487
21683,test swv 08,30062,030714455465,9852,3584,6668,5452455:WATCH CRYSTALLINE GLAM LS TAUPE GRAY PRO,0,,9009654524550,5452455
21683,test swv 08,30062,030717344543,9852,3584,6668,5717590:SJC IMBER OVAL MB STS WHITE STS,1,,9009657175902,5717590
21683,test swv 08,30062,030716940498,9852,3584,6668,5678756:WATCH ILLUMINA MB PINK/PINK/PRO,0,,9009656787564,5678756
21683,test swv 08,30062,030716282620,9852,3584,6668,5641393:WATCH DEXTERA MB 39 BLK/BLK/PBK,0,,9009656413937,5641393
21683,test swv 08,30062,030717344553,9852,3584,6668,5729842:SJC MILLENIA MB PERI PERI PCG,0,,9009657298427,5729842
21683,test swv 08,30062,030716940505,9852,3584,6668,5677503:WATCH NOVA CHRONO MB STS/WHT/STS,0,,9009656775035,5677503
21683,test swv 08,30062,030717344539,9852,3584,6668,5717536:SJC IMBER OVAL LS GREEN WHITE PRO,0,,9009657175360,5717536
21683,test swv 08,30062,030717135800,9852,3584,6668,5709816:CRYSTALLINE BANGLE MB GRE CRY PRO,0,,9009657098164,5709816
21683,test swv 08,30062,030714882123,9852,3584,6668,5519330:WATCH COCKTAIL MC STS/WHT/STS,0,,9009655193304,5519330
21683,test swv 08,30062,030716282628,9852,3584,6668,5650039:WATCH OCTEA NOVA SIL/SIL/STS,0,,9009656500392,5650039
21683,test swv 08,30062,030717989813,9852,3584,6668,5734665:WATCHES MATRIX MB STS WHT STS,0,,9009657346654,5734665
21683,test swv 08,30062,030716724712,9852,3584,6668,5656896:SJC CRYSTALLINE LUSTRE-LS VIOLPINKPRO,0,,9009656568965,5656896
21683,test swv 08,30062,030716724716,9852,3584,6668,5672977:SJC DEXTERA BANGLE-MB SILSTS,1,,9009656729779,5672977
21683,test swv 08,30062,030717135975,9852,3584,6668,5721557:CERTA MS STS WHITE STS,0,,9009657215578,5721557
21683,test swv 08,30062,030715509805,9852,3584,6668,5610494:WATCH OCTEA LUX SPORT 37MM STS WHT STS PRO,0,,9009656104941,5610494
21683,test swv 08,30062,030716940495,9852,3584,6668,5668899:WATCH DEXTERA MC STS/WHT/STS,0,,9009656688991,5668899
21683,test swv 08,30062,030717135814,9852,3584,6668,5698300:MATRIX CHRONO LS PINK PINK PRO,0,,9009656983003,5698300
